item_id,condition,context,question,answer,your_label,your_type,your_difficulty,your_notes
train_0751,has_context,"ধীরেন্দ্রনাথ দত্তের জন্ম তৎকালীন বাংলা প্রদেশের ত্রিপুরা জেলার[2] (বর্তমানের বাংলাদেশ) ব্রাহ্মণবাড়িয়া জেলার রামরাইল গ্রামে এক সম্ভ্রান্ত কায়স্থ পরিবারে জন্মগ্রহণ করেন। তাঁর বাবা জগবন্ধু দত্ত ছিলেন কসবা ও নবীনগর মুন্সেফ আদালতের সেরেস্তাদার। ধীরেন্দ্রনাথ পড়াশোনা করেছেন নবীনগর হাই স্কুল, কুমিল্লা কলেজ, এবং কলকাতার সুরেন্দ্রনাথ কলেজে। তিনি ১৯০৪ সালে নবীনগর হাই স্কুল হতে প্রবেশিকা, ১৯০৬ সালে কুমিল্লা কলেজ থেকে এফ.এ.; ১৯০৮ সালে কলকাতা রিপন কলেজ হতে বি.এ এবং ১৯১০ সালে একই কলেজ হতে বি.এল পরীক্ষা পাস করেন।।[4]",অনুচ্ছেদের ভিত্তিতে “তাঁর বাবা জগবন্ধু দত্ত কসবা” বিষয়ে কোন বক্তব্যটি সঠিক?,তাঁর বাবা জগবন্ধু দত্ত ছিলেন কসবা ও নবীনগর মুন্সেফ আদালতের সেরেস্তাদার।,correct,none,hard,
train_0752,has_context,গ্রাম চৌকিদারি আইন ১৮৭০ এর অধীনে ১৮৭০ সালে কিছু পল্লী সংস্থা গঠনের উদ্যোগ নেওয়া হলে ইউনিয়নের সৃষ্টি হয়।,প্রদত্ত প্রসঙ্গ অনুযায়ী ইউনিয়নের উদ্ভব ও প্রশাসনিক ভূমিকা সম্পর্কে কী তথ্য দেওয়া হয়েছে?,গ্রাম চৌকিদারি আইন ১৮৭১ এর অধীনে ১৮৭০ সালে কিছু পল্লী সংস্থা গঠনের উদ্যোগ নেওয়া হলে ইউনিয়নের সৃষ্টি হয়।,wrong,numeric,hard,
train_0753,no_context,,"""যে শুনেই মনে রাখতে পারে""  তাকে এক কথায় কী বলে?",শ্রুতিধর,correct,none,easy,
train_0754,no_context,,"""একঝাঁকের কৈ"" এর শাব্দিক অর্থ কী?",একঝাঁকের কৈ - একটি ঝাঁকের ছোট মাছের বাচ্চা,correct,none,easy,
train_0755,has_context,"ক্রিস্টোফার জেমস গ্রিফিথস (জন্ম: ২০ নভেম্বর ১৯৭১) একজন প্রাক্তন ইংরেজ ক্রিকেটার। তিনি একজন ডানহাতি ব্যাটসম্যান এবং ডানহাতি মিডিয়াম পেস বোলার ছিলেন। তিনি ইয়র্কশায়ারের ব্র্যাডফোর্ডে জন্মগ্রহণ করেন। গ্রিফিথস লেস্টারশায়ার ক্রিকেট বোর্ডের হয়ে তিনটি লিস্ট এ ম্যাচে প্রতিনিধিত্ব করেছিলেন। ম্যাচগুলো ছিল ১৯৯৯ সালের ন্যাটওয়েস্ট ট্রফিতে হার্টফোর্ডশায়ারের বিপক্ষে, ২০০০ সালের ন্যাটওয়েস্ট ট্রফিতে ডারহাম ক্রিকেট বোর্ডের বিপক্ষে এবং ২০০২ সালের চেল্টেনহ্যাম অ্যান্ড গ্লুচেস্টার ট্রফির প্রথম রাউন্ডে নর্থাম্পটনশায়ার ক্রিকেট বোর্ডের বিপক্ষে (উল্লেখ্য, শেষোক্ত ম্যাচটি ২০০১ সালে অনুষ্ঠিত হয়েছিল)। পরবর্তীতে",ক্রিস্টোফার গ্রিফিথস (ক্রিকেটার) কবে জন্মগ্রহণ করেন?,ক্রিস্টোফার জেমস গ্রিফিথস (জন্ম: ২০ নভেম্বর ১৯৭১) একজন প্রাক্তন ইংরেজ ক্রিকেটার।,correct,none,easy,
train_0756,no_context,,"$(a^2+b^2+c^2)-\frac{a^3+b^3+c^3-3abc}{(a+b+c)}=2+abc$ এর কয়টি সমাধান ত্রয়ী $(a,b,c)$ আছে? $a,b,c$ ধনাত্মক পূর্ণসংখ্যা এবং $a,b,c>1$।",3,wrong,fabricated,easy,
train_0757,has_context,"হার্ভার্ড বিশ্ববিদ্যালয়ে স্নাতক-পূর্ব শ্রেণীতে অধ্যয়রত অবস্থায় ওপেনহেইমার ল্যাটিন, গ্রীক, পদার্থবিদ্যা, রসায়ন প্রভৃতি বিষয়ে দক্ষ হয়ে উঠেন। ১৯২৫ সালে স্নাতক ডিগ্রী লাভ করেন। এরপর তিনি গবেষণাকর্মের জন্যে ইংল্যান্ড যান। ক্যামব্রিজ বিশ্ববিদ্যালয়ের ক্যাভেন্ডিস ল্যাবরেটরিতে লর্ড আর্নেস্ট রাদারফোর্ডের তত্ত্বাবধানে আণবিক গঠন বিষয়ে গবেষণা চালান। ক্যাভেন্ডিস ল্যাবরেটরিতে অবস্থানকালে তিনি পারমাণবিক গবেষণার উন্নয়নে ব্রিটিশ বৈজ্ঞানিক সম্প্রদায়ের সাথে মতবিনিময়ের সুযোগ পান। এরপর ম্যাক্স বর্নের ছত্রচ্ছায়াও তিনি অধ্যাপনা করেন। সেখানে তিনি নিলস বোর এবং পি.এ.এম. দিরাক প্রমূখ প্রথিতযশা পদার্থবিদদের সাহচর্য্য পান। ১৯২৭ সালে তিনি ডক্টরেট ডিগ্রী অর্জন করেন। লেইডেন এবং জুরিখের বিজ্ঞান কেন্দ্রগুলোয় সংক্ষিপ্ত পরিদর্শন শেষে মার্কিন যুক্তরাষ্ট্রে ফিরে আসেন ওপেনহেইমার। এরপর ক্যালিফোর্নিয়া বিশ্ববিদ্যালয় ও ক্যালিফোর্নিয়া ইনস্টিটিউট অব টেকনোলজিতে অধ্যাপনা করেন।",অনুচ্ছেদের ভিত্তিতে “ক্যাভেন্ডিস ল্যাবরেটরিতে অবস্থানকালে তিনি পারমাণবিক” বিষয়ে কোন বক্তব্যটি সঠিক?,ক্যাভেন্ডিস ল্যাবরেটরিতে অবস্থানকালে তিনি পারমাণবিক গবেষণার উন্নয়নে ব্রিটিশ বৈজ্ঞানিক সম্প্রদায়ের সাথে মতবিনিময়ের সুযোগ পান নয়।,wrong,,hard,
train_0758,no_context,,গবলিন হাঙরের শরীরে পাওয়া কোপেপোড পরজীবীটির নাম কী?,লিটোবথ্রিয়াম আমসিখেন্সিস,wrong,fabricated,easy,
train_0759,no_context,,কোনটি ক্রম বা পগরণবাচক সংখ্যা?,আট,,,,
train_0760,has_context,"ম্যান্ডেলার প্রথম স্ত্রী ছিলেন ইভিলিন ন্‌তোকো মাসে। ম্যান্ডেলার মতোই তাঁরও বাড়ি ছিল ট্রান্সকেই অঞ্চলে। জোহানেসবার্গে তাঁদের দুজনের পরিচয় হয়।[73] ১৩ বছর সংসার করার পর ১৯৫৭ খ্রিস্টাব্দে তাঁদের বিবাহ বিচ্ছেদ ঘটে। ম্যান্ডেলার অনুপস্থিতি এবং সংসার ফেলে রাজনৈতিক আন্দোলনে ম্যান্ডেলার বেশি সময় দেওয়াই ছিলো এই বিয়ে ভাঙার কারণ। তার ওপর ইভিলিন ছিলেন খ্রিস্টধর্মের জেহোভা'স উইটনেস মতাদর্শের অনুসারী, যাতে রাজনৈতিক কর্মকাণ্ড নিষিদ্ধ ছিল।[74] Evelyn Mase died in 2004.[75] ইভিলিন ও ম্যান্ডেলার দুই পুত্র সন্তান (মাদিবা থেম্বেকিল (থেম্বি) (১৯৪৬-১৯৬৯) এবং মাকাগাথ ম্যান্ডেলা (১৯৫০-২০০৫)) এবং দুই কন্যা সন্তান (দুজনের নামই মাকাযিওয়ে ম্যান্ডেলা, জন্ম ১৯৪৭ ও ১৯৫৩ সালে)। প্রথম কন্যা সন্তানটি ৯ মাস বয়সে মারা যায়। দ্বিতীয় কন্যার নামটি ম্যান্ডেলা প্রথম কন্যার নামানুসারেই রাখেন।[76] ম্যান্ডেলার এই চারজন সন্তানই ওয়াটারফোর্ড কামহ্লাভা এলাকার ইউনাইটেড ওয়ার্ল্ড কলেজে পড়াশোনা করে।[77] ম্যান্ডেলার জ্যেষ্ঠ পুত্র থেম্বি ২৫ বছর বয়সে ১৯৬৯ খ্রিস্টাব্দে গাড়ি দুর্ঘটনায় মারা যান। এসময় ম্যান্ডেলা কারাগারে বন্দি ছিলেন। দক্ষিণ আফ্রিকার সরকার ম্যান্ডেলাকে তাঁর পুত্রের অন্তেষ্টিক্রিয়ায় অংশ নিতে দেয়নি।[78] মাকাতাথ ২০০৫ খ্রিস্টাব্দে ৫৪ বছর বয়সে এইডসে মারা যান। [79]",নেলসন রোলিহ্লাহ্লা ম্যান্ডেলার স্ত্রীর নাম কী ?,ইভিলিন ন্‌তোকো মাসে,correct,none,hard,
train_0761,no_context,,দহগ্রাম ছিটমহল কোন জেলায় অবস্থিত?,কুড়িগ্রাম,,,,
train_0762,has_context,"টেন্নেতি হেমালতা, (১৫ নভেম্বর ১৯৩৫ - ১৯৯৭), যিনি লতা নামে বেশি পরিচিত, ভারতের অন্ধ্র প্রদেশের একজন তেলুগু লেখিকা। তিনি একজন প্রখ্যাত এবং প্রভাবশালী লেখিকা ছিলেন যিনি একজন শিক্ষিত নিয়োগী ব্রাহ্মণ মহিলার দৃষ্টিকোণ থেকে বিভিন্ন পরিস্থিতি নিয়ে লিখেছেন। 'গলিপাদগালু নীতিবুদাগালু'-র মতো তাঁর কিছু উপন্যাস বিতর্কের জন্ম দিয়েছিল। তিনি একজন উদারপন্থী লেখিকা হলেও, তাঁর লেখার ভিত্তি ছিল ঐতিহ্যের।",টেন্নেতি হেমালতা কবে জন্মগ্রহণ করেন?,১৯৯৮,wrong,numeric,hard,
train_0763,no_context,,'শেষের কবিতা' উপন্যাসের নায়কের নাম কী?,কুবের,wrong,fabricated,easy,
train_0764,has_context,পশ্চিমবঙ্গের সরকারি ভবন নবান্ন ২০১৩ সালের ৫ অক্টোবর চালু হয়। রাজ্যের মুখ্যমন্ত্রী মমতা বন্দ্যোপাধ্যায় হাওড়ার শিবপুরে অবস্থিত এই বহুতল ভবনটিকে রাজ্যের প্রধান প্রশাসনিক কার্যালয় বা সচিবালয় হিসেবে উদ্বোধন করেন। নবান্ন হল ভারতের পশ্চিমবঙ্গ রাজ্যের হাওড়ায় অবস্থিত বর্তমান রাজ্য সচিবালয় এবং প্রধান প্রশাসনিক ভবন। ১৪ তলা বিশিষ্ট নীল-সাদা এই ভবনটি রাজ্য প্রশাসনের মূল কেন্দ্র।,নবান্ন কে উদ্বোধন করেন?,রাষ্ট্রপতি প্রণব মুখার্জী,wrong,,easy,
train_0765,has_context,'চারহাতি' শব্দটির ব্যাসবাক্য হলো: চার হাত পরিমাণ যার।,"ব্যাসবাক্য অনুযায়ী, 'চারহাতি' শব্দটি কোন সমাসের উদাহরণ?",সংখ্যাবাচক বহুব্রীহি,correct,none,easy,
train_0766,no_context,,"""ফাঁড়া কাটানো"" এর ভাবার্থ কী?",সম্ভাব্য বিপদ থেকে রক্ষা পাওয়া,correct,none,easy,
train_0767,no_context,,'বারীশ'- এর সমার্থক শব্দ কোনটি?,পাণি,wrong,fabricated,easy,
train_0768,no_context,,‘ভাইয়া’ শব্দের সন্ধি বিচ্ছেদ কী?,ভাই + ঈয়া,wrong,,hard,
train_0769,no_context,,‘উত্থান’ শব্দের সন্ধি বিচ্ছেদ কী?,উৎ + স্থাণ,wrong,,hard,
train_0770,has_context,"নভেম্বর ১৯৪৭ : পাকিস্তানের তৎকালীন শিক্ষামন্ত্রী ফজলুর রহমানের উদ্যোগে পশ্চিম পাকিস্তানে আয়োজিত ""পাকিস্তান এডুকেশনাল কনফারেন্সে"" পূর্ব-পাকিস্তান হতে আগত প্রতিনিধিরা উর্দুকে একমাত্র রাষ্ট্রীয় ভাষা হিসাবে প্রতিষ্ঠার বিরোধিতা করেন।",১৯৪৭ সালে পাকিস্তান এডুকেশনাল কনফারেন্স আয়োজনের উদ্যোক্তা কে ছিলেন?,তৎকালীন শিক্ষামন্ত্রী ফজলুর রহমান,correct,none,easy,
train_0771,no_context,,"''এ দেহে প্রাণ নেই""− − 'দেহে' কোন কারকে কোন বিভক্তি?",সম্ঙ্রদানে ৭মী বিভক্তি,wrong,fabricated,hard,
train_0772,has_context,আন্তর্জাতিক শ্রম সংস্থা (International Labour Oreganisation) শ্রমিক-কর্মচারীদের কর্মক্ষেত্রে উন্নতি ও তাদের সুযোগ-সুবিধার সমতা বিধান করার লক্ষ্যে প্রতিষ্ঠিত আন্তর্জাতিক সংস্থা। সংক্ষেপে আইএলও (ILO) নামে পরিচিত। ভার্সাই চুক্তি অণুযায়ী ১৯১৯ সালের ১৯ই এপ্রিল আন্তর্জাতিক শ্রম সংস্থা প্রতিষ্ঠিত হয়। ১৯৪৬ সালে এই সংস্থা জাতিসংঘের সহায়ক সংস্থা হিসাবে স্বীকৃতি লাভ করে। জেনেভা শহরে এই সংস্থার সদর দপ্তর অবস্থিত।,আইএলও সনদ কবে প্রতিষ্ঠিত হয় ?,১৯৪৬ সালে,wrong,numeric,hard,
train_0773,no_context,,"রিয়া একটি তাক তৈরি করতে কাঠের টুকরো কাটছে। তিনি কাঠটি ১৪৩ সেন্টিমিটারে কেটেছিলেন, কিন্তু তিনি যে বুকশেলফ তৈরি করছেন তাতে এটি মাপসই করাটা খুবই দীর্ঘ কাজ। তিনি বোর্ড থেকে ২৫ সেমি কেটে ফেলার সিদ্ধান্ত নেন। তবে এটি অন্যান্য বোর্ডের তুলনায় দীর্ঘতর হয়েছে। সেগুলিকে একই আকারের করতে প্রতিটি থেকে ৭ সেন্টিমিটার কেটে ফেলতে হয়েছিল। ৭ সেমি কেটে দেওয়ার আগে বোর্ডগুলি কতটুকু ছিল?",১২৫,correct,none,hard,
train_0774,no_context,,"""চিত্তশুদ্ধিবটিকা"" এর শাব্দিক অর্থ কী?",চিত্তশুদ্ধির বটিকা (মনের পবিত্রতার উদ্যান),correct,none,easy,
train_0775,has_context,'বিশ-পঁচিশ' শব্দটির ব্যাসবাক্য হলো: বিশ ও পঁচিশ।,"ব্যাসবাক্য অনুযায়ী, 'বিশ-পঁচিশ' শব্দটি কোন সমাসের উদাহরণ?",কর্মধারয়,wrong,,easy,
train_0776,has_context,"বিশ্বের সবচেয়ে জনবহুল দেশগুলোর তালিকায় বাংলাদেশের অবস্থান অষ্টম যদিও আয়তনের হিসেবে বাংলাদেশ বিশ্বে ৯৪তম; ফলে বাংলাদেশ বিশ্বের সবচেয়ে ঘনবসতিপূর্ণ দেশগুলোর নবম। মাত্র ৫৬ হাজার বর্গমাইলেরও কম এই ক্ষুদ্রায়তনের দেশটির প্রাক্কলিত (২০১৮) জনসংখ্যা ১৮ কোটির বেশি অর্থাৎ প্রতি বর্গমাইলে জনবসতি ২৮৮৯ জন (প্রতি বর্গ কিলোমিটারে ১১১৫ জন)। রাজধানী ঢাকা শহরের জনসংখ্যা ১.৪৪ কোটি এবং ঢাকা মহানগরীর জনঘনত্ব প্রতি বর্গমা্গইলে ১৯,৪৪৭ জন।[2] দেশের জনসংখ্যার ৯৯ শতাংশ মানুষের মাতৃভাষা বাংলা; সাক্ষরতার হার ৭২ শতাংশ।",আয়তনের দিক থেকে বাংলাদেশ বিশ্বের কততম দেশ ?,আয়তনের দিক থেকে বাংলাদেশ বিশ্বের ৯২তম দেশ।,wrong,numeric,easy,
train_0777,no_context,,"স্থানীয় সরকার (ইউনিয়ন পরিষদ) আইন, ২০০৯-এর ধারা ১-এর বিষয় কী?","সংক্ষিপ্ত শিরোনাম, প্রয়োগ ও প্রবর্তন",correct,none,easy,
train_0778,no_context,,‘অনু’ ও ‘উদিত’ শব্দ দুটির সন্ধিতে কোন শব্দ গঠিত হয়?,অনুউদিত,wrong,fabricated,hard,
train_0779,has_context,"ত্রিতাল শাস্ত্রীয় সঙ্গীতের একটি বহুল ব্যবহৃত তাল। ত্রিতাল ১৬ মাত্রা বিশিষ্ট সমপদী তাল। এর পদ-সংখ্যা = ৪, ছন্দ-বিভাগ = ৪/৪/৪/৪ । এর তিনটি তালি ও একটি ফাঁক, তাই এর নাম তিনতাল বা ত্রিতাল বা তেতাল বা তেতালা । শ্ব্ত্রি্তাশলের বোল:",সংগীতে ত্রিতাল কয়টি মাত্রা বিশিষ্ট ?,১৬,correct,none,easy,
train_0780,no_context,,'শহুরে' শব্দের শুদ্ধ বিপরীত শব্দ কোনটি?,গ্রহনীয়,wrong,fabricated,easy,
train_0781,has_context,"পেরুর বর্তমান অধিনায়ক হিসেবে রয়েছেন ফরোয়ার্ড পাউলো গুরিরো।[2] মধ্যমাঠের খেলোয়াড় লিওপোল্ডো বাসুর্তো দলের প্রথম অধিনায়ক ছিলেন।[33] ১৯৬৫ থেকে ১৯৮১ সাল পর্যন্ত রক্ষণভাগের খেলোয়াড় হেক্টর চাম্পিতাজ পেরু দলে সবচেয়ে বেশী সময় নেতৃত্বে ছিলেন।[2] ফরোয়ার্ড ক্লদিও পিজারো ২০০৩ থেকে ২০১৬ সাল পর্যন্ত দ্বিতীয় সর্বাধিক সময় দলকে নেতৃত্ব দিয়েছেন।[33] দলের অন্যান্য উল্লেখযোগ্য খেলোয়াড়ের মধ্যে রয়েছেন - রুবেন দিয়াজ, জুলিও সিজার ইউরাই, জুয়ান রেনোসো ও নোলবার্তো সোলানো।[2]",পেরু জাতীয় ফুটবল দলের প্রথম অধিনায়ক কে ছিলেন ?,খেলোয়াড় বাসুর্তো,wrong,,hard,
train_0782,has_context,তৌকির আহমেদ-এর পরিচালনায় অজ্ঞাতনামা চলচ্চিত্রে ফজলুর রহমান বাবুর অভিনয় প্রশংসিত হওয়ার পর তাকে আবার এই চলচ্চিত্রের জন্য নির্বাচন করা হয়। মুহম্মদ মোস্তফা কামাল রাজ পরিচালিত প্রজাপতির পর এই চলচ্চিত্রে দ্বিতীয়বারের মত একসাথে কাজ করেন জাহিদ হাসান ও মোশাররফ করিম। জাহিদ হাসানের এটি তৌকীরের পরিচালনায় প্রথম চলচ্চিত্র। তবে তারা একসঙ্গে নাট্যকেন্দ্রে মঞ্চ নাটক করেছেন। অন্যদিকে মোশাররফ করিম তৌকীরের আগের চারটি চলচ্চিত্রেই অভিনয় করেন। প্রধান দুটি নারী চরিত্রে অভিনয় করেছেন নুসরাত ইমরোজ তিশা এবং রুনা খান। এটি তাদের দুজনেরই তৌকীরের পরিচালনায় প্রথম চলচ্চিত্র।[7] তিশা অভিনীত চরিত্রের নাম হাসু এবং এই চরিত্রের জন্য তাকে নির্বাচন করেছিলেন তৌকিরের স্ত্রী অভিনেত্রী বিপাশা হায়াত। তিশা এই প্রসঙ্গে বলেন তিনি বিপাশা হায়াতের প্রতি কৃতজ্ঞ।[6],"অনুচ্ছেদ অনুযায়ী, “তৌকির আহমেদ পরিচালনায় অজ্ঞাতনামা চলচ্চিত্রে” প্রসঙ্গে কী তথ্য দেওয়া হয়েছে?",তৌকির আহমেদ-এর পরিচালনায় অজ্ঞাতনামা চলচ্চিত্রে ফজলুর রহমান বাবুর অভিনয় প্রশংসিত হওয়ার পর তাকে আবার এই চলচ্চিত্রের জন্য নির্বাচন করা হয়।,correct,none,hard,
train_0783,has_context,"এই আইনের অধীনে নির্বাচন সম্পর্কিত বিরোধ নিষ্পত্তির ক্ষেত্রে নির্বাচন কমিশন, সরকারি গেজেটে প্রজ্ঞাপনের দ্বারা, একজন উপযুক্ত পদমর্যাদার বিচার বিভাগীয় কর্মকর্তার সমন্বয়ে প্রয়োজনীয় সংখ্যক নির্বাচনী ট্রাইব্যুনাল এবং একজন উপযুক্ত পদমর্যাদার বিচার বিভাগীয় কর্মকর্তা ও একজন উপযুক্ত পদমর্যাদার নির্বাহী বিভাগের কর্মকর্তার সমন্বয়ে প্রয়োজনীয় সংখ্যক নির্বাচনী আপিল ট্রাইব্যুনাল গঠন করিবে।","প্রদত্ত প্রসঙ্গ অনুযায়ী স্থানীয় সরকার (ইউনিয়ন পরিষদ) আইন, ২০০৯-এর ধারা ২৩ সম্পর্কে কী বলা হয়েছে?","এই আইনের অধীনে নির্বাচন সম্পর্কিত বিরোধ নিষ্পত্তির ক্ষেত্রে ইউনিয়ন পরিষদ, সরকারি গেজেটে প্রজ্ঞাপনের দ্বারা, একজন উপযুক্ত পদমর্যাদার বিচার বিভাগীয় কর্মকর্তার সমন্বয়ে প্রয়োজনীয় সংখ্যক নির্বাচনী ট্রাইব্যুনাল এবং একজন উপযুক্ত পদমর্যাদার বিচার বিভাগীয় কর্মকর্তা ও একজন উপযুক্ত পদমর্যাদার নির্বাহী বিভাগের কর্মকর্তার সমন্বয়ে প্রয়োজনীয় সংখ্যক নির্বাচনী আপিল ট্রাইব্যুনাল গঠন করিবে।",wrong,,hard,
train_0784,has_context,"ব্রুস পদক - ১৯৩৮. রয়েল অ্যাস্ট্রোনমিক্যাল সোসাইটির স্বর্ণপদক - ১৯৪০. মেডেল অফ মেরিট, দূর পাল্লার ক্ষেপণাস্ত্র বিষয়ে গবেষণার জন্য - ১৯৪৬",অনুচ্ছেদের আলোকে “ব্রুস পদক ১৯৩৮” বিষয়ে প্রাসঙ্গিক তথ্যটি কী?,ব্রুস পদক - ১৯৩৮.,correct,none,hard,
train_0785,has_context,নৌবাহিনী প্রধান বাংলাদেশ নৌবাহিনীর অধিনায়ক এবং সর্বোচ্চ পদধারী কর্মকর্তা। এই পদকে সংক্ষেপে সিএনএস ও বলা হয়। বর্তমানে বাংলাদেশ নৌবাহিনীর প্রধান হন চার তারকা অ্যাডমিরাল পদমর্যাদার একজন কর্মকর্তা। নৌবাহিনীর বর্তমান প্রধান হচ্ছেন অ্যাডমিরাল নিজামউদ্দিন আহমেদ যিনি ২৭ জানুয়ারি ২০১৬ দায়িত্ব গ্রহণ করেন।[1][2],বাংলাদেশ নৌবাহিনীর বর্তমান (২০১৮) নৌসেনা প্রধানের নাম কী ?,অ্যাডমিরাল আহমেদ,wrong,,easy,
train_0786,has_context,"মনোহর গোপালকৃষ্ণা প্রভু পার্রীকর (জন্মঃ ১৩ ডিসেম্বর ১৯৫৫) হলেন ভারতের একজন রজনীতিবিদ। বর্তমানে তিনি উত্তর প্রদেশ রাজ্যের লোকসভা নির্বাচনী ক্ষেত্র থেকে রাজ্যসভার সদস্য এবং তিনি গোয়া রাজ্যের মুখ্যমন্ত্রী[1][2]। তিনি ২০১৪ থেকে ২০১৭ সাল পর্যন্ত ভারতের প্রতিরক্ষা মন্ত্রী হিসাবে দায়িত্ব পালন করছেন। তিনি ১৯৭৮ সালে মুম্বাইয়ের ভারতীয় প্রৌদ্যোগিকী সংস্থান থেকে স্নাতক পরীক্ষায় উত্তীর্ণ হন; তিনিই ভারতের প্রথম আই.আই.টি. উত্তীর্ণ মুখ্যমন্ত্রী। ২০০১ সালে ভা.প্রৌ.স, মুম্বাই তাকে 'বিশিষ্ট প্রাক্তন ছাত্র' উপাধি প্রদান করে।",বর্তমানে গোয়ার মুখ্যমন্ত্রী কে ?,মনোহর মুম্বাইয়ের প্রভু পার্রীকর,wrong,,hard,
train_0787,no_context,,নিচের কোনটি বাংলাদেশের শিল্প সংক্রান্ত অর্থনৈতিক কার্যকাণ্ড নয়?,মাছ চাষ,correct,none,easy,
train_0788,has_context,"ম্যালকম ডেঞ্জিল মার্শাল (English: Malcolm Denzil Marshall; জন্ম: ১৮ এপ্রিল, ১৯৫৮ - মৃত্যু: ৪ নভেম্বর, ১৯৯৯) বার্বাডোসে জন্মগ্রহণকারী ওয়েস্ট ইন্ডিজের বিখ্যাত আন্তর্জাতিক ক্রিকেট তারকা ছিলেন। বিশ্ব ক্রিকেট অঙ্গনে ‘ম্যাকো’ ডাকনামে পরিচিত ম্যালকম মার্শাল প্রধানতঃ ফাস্ট বোলার ছিলেন। টেস্ট ক্রিকেটে তাঁকে অত্যন্ত সুন্দর বোলিং ভঙ্গীমার অধিকারী ও দ্রুতগতির পেসার হিসেবে বিবেচনা করা হয়।[1][2][3][4] প্রতি উইকেট লাভে তাঁকে গড়ে ২০.৯৪ রান দিতে হয়েছে যা ২০০ বা ততোধিক উইকেটলাভকারী বোলারদের মধ্যে অন্যতম সেরা বোলিং গড়।[5] বোলিংয়ে তাঁর এ সফলতা আসলেও তিনি অন্যান্য ফাস্ট বোলারের তুলনায় কম উচ্চতাসম্পন্ন ছিলেন। যেখানে তাঁর উচ্চতা ৫ ফুট ১১ ইঞ্চি (১.৮০ মিটার); সেখানে অন্যান্য পেসারের গড় উচ্চতা ৬ ফুটের (১.৮ মিটার) চেয়ে বেশী।[1] ওয়েস্ট ইন্ডিজের প্রথিতযশা ফাস্ট বোলার জোয়েল গার্নার, কার্টলি অ্যামব্রোস এবং কোর্টনি ওয়ালশের উচ্চতা ৬ ফুট ৬ ইঞ্চি (১.৯৮ মিটার)। বিপজ্জনক বাউন্সার প্রদানে তাঁর সবিশেষ খ্যাতি ছিল। মাঝারিসারির ব্যাটসম্যানরূপে তিনি ১০টি টেস্ট অর্ধ-শতক এবং সাতটি প্রথম-শ্রেণীর শতক করেছেন।",ওয়েস্ট ইন্ডিজের বিখ্যাত আন্তর্জাতিক ক্রিকেট তারকা ম্যালকম ডেঞ্জিল মার্শালের উচ্চতা কত ছিল ?,৬ ফুট ১১ ইঞ্চি,,,,
train_0789,has_context,হরপ্রসাদ শাস্ত্রী ১৯০৭ সালে নেপালের রাজদরবারের গ্রন্থাগারে চর্যাপদের পুঁথি আবিষ্কার করেন। তিনি পরে ১৯১৬ সালে তা গ্রন্থাকারে প্রকাশ করেন।,চর্যাপদের পুঁথি কে আবিষ্কার করেন?,দীনেশচন্দ্র সেন।,,,,
train_0790,has_context,একই সময়ে দেশে পরপর তিন বছর অনাবৃষ্টির কারণে ১৭৭০ (বাংলা ১১৭৬) সালে ভয়াবহ দুর্ভিক্ষ দেখা দেয়। ইতিহাসে এ দুর্ভিক্ষ ‘ছিয়াত্তরের মন্বন্তর’ নামে পরিচিত।,‘ছিয়াত্তরের মন্বন্তর’ ইংরেজি কত সালে সংঘটিত হয়?,১৭৭০ সালে,correct,none,hard,
train_0791,has_context,"সত্য সাই বাবা (Telugu: సత్య సాయిబాబా Telugu pronunciation:[sʌθjə sɑːɪ bɑːbɑː], পূর্বাশ্রমের নাম সত্যনারায়ণ রাজু) (২৩ নভেম্বর, ১৯২৬[1] – ২৪ এপ্রিল, ২০১১[2]) ছিলেন একজন ভারতীয় হিন্দু ধর্মগুরু, আধ্যাত্মিক ব্যক্তিত্ব ও শিক্ষাবিদ।[3] তাঁর ভক্তদের বিশ্বাসে তিনি ছিলেন একজন অবতার ও গডম্যান।[4] আধ্যাত্মিক শিক্ষক ও অলৌকিক ক্রিয়াপ্রদর্শক।[1][5][6][7][8] শূন্য থেকে ""বিভূতি"" বা পবিত্র ছাই এবং আংটি, নেকলেস বা ঘড়ির মতো ছোটো ছোটো বস্তু হাজির করে সত্য সাই যুগপৎ খ্যাতি অর্জন ও বিতর্ক সৃষ্টি করেন। যুক্তিবাদীরা এই সব ঘটনাকে সাধারণ জাদুর খেলা বলে থাকেন। অন্যদিকে ভক্তেরা এগুলিকে তাঁর দৈব শক্তির প্রকাশক মনে করেন।[9] তাঁর ওপর যৌন নিৰ্যাতন এবং নকলেরও অভিযোগ উত্থাপিত হয়েছিল, কিন্তু তিনি এসব অভিযোগকে ষড়যন্ত্ৰ আখ্যা দিয়ে, অভিযোগ অস্বীকার করেন।[10][11][12]",সত্য সাই বাবা কোন সালে মারা যান ?,"২৪ এপ্রিল, ২০১১",,,,
train_0792,has_context,'ছাগদুগ্ধ' শব্দটির ব্যাসবাক্য হলো: ছাগীর দুগ্ধ।,"ব্যাসবাক্য অনুযায়ী, 'ছাগদুগ্ধ' শব্দটি কোন সমাসের উদাহরণ?",ষষ্ঠী তৎপুরুষ,correct,none,hard,
train_0793,no_context,,আরও দেখুন Educational Resources Language Resources Jobs My Ads ৪। “নিষ্কর” শব্দের সন্ধি বিচ্ছেদ কোনটি?,নিঃ + কর,correct,none,hard,
train_0794,has_context,নরেন্দ মোদী ১৯৫০ খ্রিষ্টাব্দের ১৭ই সেপ্টেম্বর বম্বে প্রেসিডেন্সির (বর্তমান গুজরাট রাজ্যের) মহেসানা জেলার বড়নগর নামক স্থানে ঘাঞ্চী তেলী সম্প্রদায়ের এক নিম্নবর্গের পরিবারে জন্মগ্রহণ করেন।[17][18][19][20][21] তিনি তাঁর পিতামাতার চার সন্তানের মধ্যে তৃতীয় ছিলেন।[22] তাঁর পিতার নাম দামোদারদাস মূলচাঁদ মোদী ও মায়ের নাম হীরাবেন মোদী। বড়নগর রেলস্টেশনে তিনি তাঁর পিতাকে চা বিক্রি করতে সহায়তা করতেন এবং কৈশোরে বাস স্ট্যান্ডের কাছে ভাইয়ের সাথে চা বিক্রি করুতেন।[23][24] পুরো পরিবার একটি ছোট ৪০ ফুট X ১২ ফুট মাপের একতলা বাড়িতে বসবাস করতেন।[25] তিনি এই শহরেই একজন সাধারণ মানের ছাত্র হিসেবে তাঁর বিদ্যালয়ের পড়াশোনা শেষ করেন।[23][26],যশোদাবেন নরেন্দ্রভাই মোদীর পেশা কী ছিল ?,স্কুলশিক্ষিকা।,correct,none,easy,
train_0795,has_context,"১৪৯২ খ্রিষ্টাব্দের ২ জানুয়ারি কর্ডোবার নাসরি রাজ্যের পতনের মাধ্যমে ইবেরিয়ায় মুসলিম শাসনের সমাপ্তি হয়। গ্রানাডার শেষ মুসলিম শাসক দ্বাদশ মুহাম্মদ যিনি বোয়াবদিল নামে পরিচিত, আরাগনের রাজা দ্বিতীয় ফার্ডিনেন্ড ও কাস্টিলের রাণী প্রথম ইসাবেলার কাছে আত্মসমর্পণ করেন।",উমাইয়া রাজবংশের সর্বশেষ রাজা কে ?,দ্বিতীয় মারওয়ান,correct,none,easy,
train_0796,has_context,'নির্দয়' শব্দটির ব্যাসবাক্য হলো: নেই দয়া যার।,"ব্যাসবাক্য অনুযায়ী, 'নির্দয়' শব্দটি কোন সমাসের উদাহরণ?",নঞ বহুব্রীহি,correct,none,easy,
train_0797,no_context,,পঙ্কজ ২৮ টুকরো লজেন্স খেয়েছে। তারপরে তিনি আরও ১৭ টি লজেন্স খেয়েছিলেন। ববি মোট কত টুকরো লজেন্স খেয়েছে?,38,wrong,fabricated,easy,
train_0798,has_context,সত্যেন্দ্রনাথ বসু ১৯৭৪ সালের ৪ ফেব্রুয়ারি কলকাতায় মৃত্যুবরণ করেন।,সত্যেন্দ্রনাথ বসু কোথায় মৃত্যুবরণ করেন?,কলকাতায়,correct,none,easy,
train_0799,has_context,"প্যালিওজোয়িক (অথবা প্যালেওজোয়িক) মহাযুগ (/ˌpeɪliəˈzoʊɪk, ˌpæ-/;[1][2] গ্রীক শব্দ palaios- প্যালিওস (παλαιός), “প্রাচীন” এবং zoe- জোয় (ζωή), “জীবন” থেকে এসেছে, অর্থ “প্রাচীন জীবন” [3]) এবং এটি ফ্যানারোজোয়িক অধিযুগের তিনটি ভূতাত্ত্বিক মহাযুগের মধ্যে সর্বাপেক্ষা প্রারম্ভিক মহাযুগ। এটি ফ্যানারোজোয়িক অধিযুগের সর্বাপেক্ষা দীর্ঘ মহাযুগ যার ব্যাপ্তি ছিল ৫৪১ মিলিয়ন বছর পূর্ব হতে ২৫১.৯০২ মিলিয়ন বছর পূর্ব পর্যন্ত এবং এটি ছয়টি ভূতাত্ত্বিক যুগে বিভক্ত (প্রাচীনতম হতে নবীনতম): ক্যাম্ব্রিয়ান, অর্ডোভিশিয়ান, সিলুরিয়ান, ডেভোনিয়ান, কার্বনিফেরাস এবং পার্মিয়ান। প্যালিওজোয়িক মহাযুগ প্রোটেরোজোয়িক অধিযুগের নিওপ্রোটেরোজোয়িক মহাযুগের পরে আসে যেটা আবার মেসোজোয়িক মহাযুগের পরে আসে।",অনুচ্ছেদের আলোকে “প্যালিওজোয়িক মহাযুগ প্রোটেরোজোয়িক অধিযুগের নিওপ্রোটেরোজোয়িক” বিষয়ে প্রাসঙ্গিক তথ্যটি কী?,প্যালিওজোয়িক মহাযুগ প্রোটেরোজোয়িক অধিযুগের নিওপ্রোটেরোজোয়িক মহাযুগের পরে আসে যেটা আবার মেসোজোয়িক মহাযুগের পরে আসে।,correct,none,hard,
train_0800,has_context,প্রতি ক্লাসে ভালো ফলাফলের জন্য তিনি সব শিক্ষকের খুব প্রিয় ছিলেন।,প্রীতিলতা কেন স্কুলে সব শিক্ষকের প্রিয় ছিলেন?,তার মধুর ব্যবহারের জন্য।,wrong,,easy,
train_0801,no_context,,বেগম রোকেয়ার নারীর অবরোধ প্রথা নিয়ে লেখা গ্রন্থের নাম কী?,মতিচূর,wrong,fabricated,easy,
train_0802,has_context,১৯৭৩ সালের ১৫ ডিসেম্বর সরকারি গেজেট নোটিফিকেশন অনুযায়ী বাংলাদেশের স্বাধীনতা যুদ্ধের সাতজন বীর সন্তানকে মরণোত্তর বীরশ্রেষ্ঠ উপাধিতে ভূষিত করা হয়েছে। রুহুল আমিন সেই সাতজনের অন্যতম।[6],মোহাম্মদ রুহুল আমিন কত সালে বীর শেষ্ঠ পুরস্কার পান ?,১৯৭২ সালের ১৬ ডিসেম্বর,wrong,numeric,hard,
train_0803,no_context,,লিও ক্যানারের সাথে প্রায় একই সময়ে একই ধরনের পর্যবেক্ষণ করেন কোন অস্ট্রীয় বিজ্ঞানী?,ডঃ হ্যান্স অ্যাসপারগার,correct,none,easy,
train_0804,has_context,প্রত্যেকটি মৌচাকে মৌমাছিরা বসতিবদ্ধ হয়ে একটি বড় পরিবার বা সমাজ গড়ে বাস করে ৷ আকার ও কাজের ভিত্তিতে মৌমাছিরা তিন সম্প্রদায়ে বিভক্ত:,আকার ও কাজের ভিত্তিতে মৌমাছি কয় প্রকার ?,তিন সম্প্রদায়ে।,correct,none,easy,
train_0805,has_context,এ বিদ্রোহের সঙ্গে জড়িত থাকার অভিযোগে আলাওল পঞ্চাশ দিন কারাভোগ করেন এবং আর্থিক বিপর্যয়ের কারণে ভিক্ষাবৃত্তি দ্বারা স্ত্রীপুত্রসহ প্রায় দশ বছর অতিবাহিত করেন।,শাহ সুজার বিদ্রোহে জড়িত থাকার অভিযোগে আলাওল কতদিন কারাভোগ করেন?,একশ দিন,wrong,,easy,
train_0806,has_context,"দর্শন শব্দটি ইংরেজি philosophy শব্দ থেকে এসেছে। ফিলোসফি শব্দটি এসেছে প্রাচীন গ্রিক ভাষা থেকে। গ্রিক ভাষায় φιλοσοφία (philosophía) শব্দটি দুটি শব্দ থেকে উৎপত্তি লাভ করেছে। শব্দ দুটি হল: φίλος (ফিলোস: বন্ধু, ভালোবাসার পাত্র) এবং σοφία (সোফিয়া: প্রজ্ঞা)। [2][3] এ থেকে স্পষ্টতই বোঝা যায়, দর্শনের সাথে মূল সম্পর্ক হচ্ছে প্রজ্ঞার, আরও নির্দিষ্টভাবে বলতে গেলে, প্রজ্ঞার প্রতি ভালোবাসার। জ্ঞান এবং প্রজ্ঞা এক জিনিস নয়। ঘটনা ও তথ্য সম্পর্কে স্পষ্ট ও নির্ভুল ধারণা থেকে জ্ঞান লাভ করা যায়, কিন্তু দার্শনিক (যিনি দর্শন চর্চা করেন তাকেই দার্শনিক বলা হয়) কেবল তথ্যগত জ্ঞানের উপর নির্ভর করেন না। দর্শনের প্রধান কাম্য বিষয় প্রজ্ঞা। প্রজ্ঞার অনুসন্ধান ও চর্চার মাধ্যমেই দর্শন বিকাশ লাভ করে। পিথাগোরাস সারা জীবন প্রজ্ঞার সাধনা করেছেন, কখনও জ্ঞানের গরিমা অনুভব করেননি। এজন্য তিনি দার্শনিক হিসেবে বিদগ্ধ। দর্শনের জন্য যে প্রজ্ঞা কাম্য তার মধ্যে রয়েছে, অন্তর্দৃষ্টি, দৃষ্টিভঙ্গির অভ্রান্ততা, বিচারের ভারসাম্য ও বিশ্লেষণের সামঞ্জস্য।[4]",দর্শন শব্দটি কোন শব্দ থেকে এসেছে ?,ইংরেজি philosophy,correct,none,easy,
train_0807,no_context,,'পরিবার থেকেই শিক্ষার শুরু'- এখানে 'থেকে' শব্দের সাথে যুক্ত 'ই'-এর ব্যাকরণিক পরিচয় কী?,অনুসর্গ,correct,none,easy,
train_0808,has_context,"হোসেন শহীদ সোহরাওয়ার্দী ও আবুল হাশেমের নেতৃত্বাধীন তৎকালীন বঙ্গীয় প্রাদেশিক মুসলিম লীগের একাংশের সম্মেলনের মধ্য দিয়ে ১৯৪৯ সালের ২৩ জুন ঢাকার টিকাটুলীর কেএম দাস লেন রোডের রোজ গার্ডেন প্যালেসে 'পূর্ব পাকিস্তান আওয়ামী মুসলিম লীগ' প্রতিষ্ঠিত হয়, যার সভাপতি ছিলেন টাঙ্গাইলের মওলানা আবদুল হামিদ খান ভাসানী এবং সাধারণ সম্পাদক টাঙ্গাইলের শামসুল হক। পরবর্তীকালে, ১৯৫৫ সালে মওলানা ভাসানীর উদ্যোগে ধর্মনিরপেক্ষতার চর্চা এবং অসাম্প্রদায়িক চেতনা প্রতিষ্ঠার লক্ষ্যে সংগঠনটির নাম থেকে পরে 'মুসলিম' শব্দটি বাদ দেওয়া হয়; নাম রাখা হয়: 'পূর্ব পাকিস্তান আওয়ামী লীগ'।[3]",বাংলাদেশ আওয়ামী লীগের প্রতিষ্ঠাতা কে ছিলেন ?,শেখ মুজিবুর রহমান ও মওলানা ভাসানী ছিলেন।,wrong,,easy,
train_0809,has_context,"আবু সায়েদ মোহাম্মদ আব্দুর রব (জন্ম: ২ জানুয়ারি ১৯৪৫) যিনি আ স ম আবদুর রব নামেই পরিচিত; একজন বাংলাদেশী রাজনীতিবিদ। তিনি বাংলাদেশের স্বাধীনতা সংগ্রামের অন্যতম সংগঠক। ছিলেন ডাকসুর ভিপি। তার নেতৃত্বে ১৯৭১ সালের ২ মার্চ ঢাকা বিশ্ববিদ্যালয়ের ছাত্র জনতা বাংলাদেশের মানচিত্র খচিত পতাকা সর্ব প্রথম উত্তোলন করেন। তিনি ঢাকা বিশ্ববিদ্যালয়ের বটতলায় শেখ মুজিবুর রহমানের হাতে বাংলাদেশের পতাকা তুলে দেন। ১৯৭১ সালের ৩ মার্চ তিনি পল্টন ময়দানে শেখ মুজিবুর রহমানকে ""জাতির জনক"" উপাধি প্রদান করেন।",অনুচ্ছেদে “তার নেতৃত্বে ১৯৭১ সালের মার্চ” প্রসঙ্গে কোন তথ্য উল্লেখ আছে?,তার নেতৃত্বে ১৯৭১ সালের ২ মার্চ ঢাকা বিশ্ববিদ্যালয়ের ছাত্র জনতা বাংলাদেশের মানচিত্র খচিত পতাকা সর্ব প্রথম উত্তোলন করেন।,correct,none,hard,
train_0810,has_context,"স্টডার্টের ১৮৯৭/৯৮ সালের অস্ট্রেলিয়া সফরের পাঁচটি টেস্টের মধ্যে চারটিতে ওয়েনরাইট খেলেছিলেন, কিন্তু সফরের কিছুদিনের মধ্যেই তিনি বুঝতে পারেন যে তার অফ স্পিনে টার্ন কমে যাচ্ছে। বোলারের চেয়ে ব্যাটসম্যান হিসেবে ওয়েনরাইট বেশি ভালো ছিলেন। তাঁর সেরা ইনিংসগুলোর মধ্যে অন্যতম ছিল ১৯০০ সালে কেন্টের বিপক্ষে ম্যাচ জেতানো ১১৬ রানের ইনিংসটি।",১৮৯৭/৯৮ সালের অস্ট্রেলিয়া সফরে কোন অধিনায়কের নেতৃত্বে ইংল্যান্ড দল যায়?,স্টডার্টের নেতৃত্বে,correct,none,hard,
train_0811,has_context,পদ্মা বহুমুখী সেতুর মোট দৈর্ঘ্য ৬.১৫ কিলোমিটার। এর ওপরের তলায় সড়ক এবং নিচের তলায় রেলপথ রয়েছে।,পদ্মা সেতু কী ধরনের যোগাযোগ বহন করে?,শুধু সড়ক যোগাযোগ।,wrong,,hard,
train_0812,no_context,,"""ধোপার গাধা"" এর ভাবার্থ কী?","ফন্দি, তদবির, স্বার্থসিদ্ধির চেষ্টা",wrong,fabricated,easy,
train_0813,has_context,"স্থানীয় সরকার (ইউনিয়ন পরিষদ) আইন, ২০০৯-এর ধারা ৫২-এর বিষয় পরিষদে সম্পদ হস্তান্তর।","স্থানীয় সরকার (ইউনিয়ন পরিষদ) আইন, ২০০৯-এর ধারা ৫২-এর বিষয় কী?",পরিষদের তহবিল,wrong,,easy,
train_0814,no_context,,'নিরপরাধ' শব্দের শুদ্ধ বিপরীত শব্দ কোনটি?,অপরাধী,,,,
train_0815,no_context,,'অবসর' শব্দের বিপরীতার্থক শব্দ-,অনবসর,correct,none,easy,
train_0816,has_context,"বনশালি ১৯৬৩ সালের ২৪ ফেব্রুয়ারি ভারতের মুম্বাইয়ে জন্মগ্রহণ করেন। তার পিতা চলচ্চিত্র নির্মাতা নবিন বনশালি এবং মাতা লীলা বনশালি। তার ""লীলা"" নামটি তিনি তার মায়ের নাম থেকে গ্রহণ করেন। নবিন বনশালি অ্যালকোহলে আসক্ত হয়ে পরে এবং একেবারে হাল ছেড়ে দেন। বনশালির বোন বেলা সেগাল।",পাঠ্যাংশ অনুসারে “তার পিতা চলচ্চিত্র নির্মাতা নবিন” সম্পর্কিত উত্তর দিন।,তার পিতা চলচ্চিত্র নির্মাতা নবিন বনশালি এবং মাতা লীলা বনশালি নয়।,wrong,,hard,
train_0817,has_context,"২৬ জুন ২০০৯ সালে রিয়াল মাদ্রিদ নিশ্চিত করে যে রোনালদো পহেলা জুলাই ২০০৯ সাল থেকে তাদের দলে যোগ দেবে। তার ট্রান্সফার ফি ছিল £৮০মিলিয়ন (€৯৪মিলিয়ন) যা তাঁকে বিশ্বের সবচেয়ে দামী খেলোয়াড় করে তোলে।[61] রিয়াল মাদ্রিদের সাথে তার চুক্তির মেয়াদ ছিল ৬ বছর।[62] চুক্তি অনুসারে তিনি প্রতি বছর €১১মিলিয়ন বেতন পেতেন।[63] তার বাইআউট ক্লসের মূল্য €১বিলিয়ন।[64] ৬ জুলাই রোনালদোকে রিয়াল মাদ্রিদের খেলোয়াড় হিসেবে বিশ্ব মিডিয়ার সামনে হাজির করা হয়,[65] যেখানে তাঁকে ৯ নং জার্সি দেয়া হয়।[66] তাঁকে রিয়াল মাদ্রিদের জার্সি প্রদান করেন আলফেদ্রো দি স্টেফানো।[67] রোনালদোকে রিয়াল মাদ্রিদে স্বাগত জানানোর জন্য ৮০,০০০ থেকে ৮৫,০০০ দর্শক স্যান্টিয়াগো বার্নাব্যুতে জড় হয়, যা দিয়াগো মারাদোনার ৭৫,০০০ দর্শকের রেকর্ড যা ১৯৮৪ সালে বার্সেলোনা থেকে নাপোলিতে আসার পর হয়েছিল তা ভঙ্গ হয়।[68][69] এই অনুষ্ঠানটি বিভিন্ন স্পেনীয় ও পর্তুগিজ টেলিভিশন চ্যানেলে সরাসরি সম্প্রচার করা হয়।[70][71]",প্রদত্ত অনুচ্ছেদে “জুলাই রোনালদোকে রিয়াল মাদ্রিদের খেলোয়াড়” সম্পর্কে মূল বক্তব্যটি কী?,"৬ জুলাই রোনালদোকে রিয়াল মাদ্রিদের খেলোয়াড় হিসেবে বিশ্ব মিডিয়ার সামনে হাজির করা হয়, যেখানে তাঁকে ৯ নং জার্সি দেয়া হয়।",correct,none,hard,
train_0818,has_context,পদ্মা বহুমুখী সেতুতে ৪২টি পিয়ার এবং ৪১টি স্প্যান রয়েছে। এর মোট দৈর্ঘ্য ৬.১৫ কিলোমিটার।,পদ্মা সেতুতে মোট কতটি পিলার রয়েছে?,৪১টি।,wrong,numeric,hard,
train_0819,no_context,,আর. কে. নারায়ণ কত সালে জন্মগ্রহণ করেন?,১৯০৬ সালের ১০ অক্টোবর (মাদ্রাজে),correct,none,easy,
train_0820,has_context,"প্রথম বিশ্বযুদ্ধের সমাপ্তি ঘটানো ঐতিহাসিক ভার্সাই শান্তি চুক্তির (Treaty of Versailles) ত্রয়োদশ পর্বের (Part XIII) আওতায় ১৯১৯ সালের ১১ এপ্রিল [অংশগ্রহণমূলক উৎস: প্রথম আলো, নোবেল প্রাইজ] আন্তর্জাতিক শ্রম সংস্থা (আইএলও) আন্তর্জাতিক শ্রম সংস্থা প্রতিষ্ঠিত হয়।",কোন আন্তর্জাতিক চুক্তির ত্রয়োদশ পর্বের আওতায় আন্তর্জাতিক শ্রম সংস্থা প্রতিষ্ঠিত হয়?,ভার্সাই শান্তি চুক্তি (Treaty of Versailles)।,correct,none,easy,
train_0821,has_context,রামছাগল' শব্দটিতে 'রাম' উপসর্গ ব্যবহৃত হয়েছে।,পাঠ্যাংশ থেকে “রামছাগল শব্দটিতে রাম উপসর্গ ব্যবহৃত” সম্পর্কিত সঠিক তথ্যটি লিখুন।,রামছাগল' শব্দটিতে 'রাম' উপসর্গ ব্যবহৃত হয়নি।,wrong,,hard,
train_0822,no_context,,নিচের কোন অনুজ্ঞা দ্বারা আদেশ বোঝাচ্ছে?,সময় নষ্ট কর না,wrong,fabricated,easy,
train_0823,has_context,"এর মধ্যে ১৯২৩-এর ১৩ ডিসেম্বর টাইগার পাস এর মোড়ে সূর্য সেনের বিপ্লবী সংগঠনের সদস্যরা প্রকাশ্য দিবালোকে সরকারী কর্মচারীদের বেতন বাবদ নিয়ে যাওয়া ১৭,০০০ টাকা ছিনতাই করে।",১৯২৩ সালের ১৩ ডিসেম্বর টাইগার পাসের মোড়ে সূর্য সেনের সংগঠন কত টাকা ছিনতাই করে?,"২৫,০০০ টাকা।",wrong,numeric,hard,
train_0824,no_context,,"""উদো আহাম্মক"" এর ভাবার্থ কী?",আত্মীয়স্বজন,wrong,fabricated,easy,
train_0825,no_context,,"""ধকল সওয়া"" এর ভাবার্থ কী?",প্রধান সহায়,wrong,fabricated,easy,
train_0826,no_context,,"স্থানীয় সরকার (ইউনিয়ন পরিষদ) আইন, ২০০৯-এর ধারা ১৬-এর বিষয় কী?","পৌরসভা, ইত্যাদির সমগ্র বা আংশিক এলাকা নিয়া ইউনিয়ন পরিষদ গঠন",correct,none,easy,
train_0827,no_context,,হাদীস বলতে কী বোঝায়?,"হযরত মুহাম্মদ (সা.)-এর বাণী, কাজ ও সম্মতির বিবরণ",,,,
train_0828,no_context,,কোনটি নিত্য সমাসের সমস্ং পদ?,গৃহান্বর,correct,none,easy,
train_0829,no_context,,আয়নাঘর কী?,পরিবেশ বান্ধব কৃষিকাজ,wrong,fabricated,easy,
train_0830,no_context,,“জগদীশ্বর” শব্দের সমার্থক শব্দ কোনটি?,নিবাস,wrong,fabricated,easy,
train_0831,no_context,,বাংলা আধুনিক উপন্যাস-এর প্রবর্তক ছিলেন-,প্যারীচাঁদ মিত্র,wrong,fabricated,easy,
train_0832,no_context,,‘কথা’ ও ‘উপকথন’ শব্দ দুটির সন্ধিতে কোন শব্দ গঠিত হয়?,কথাউপকথন,wrong,fabricated,hard,
train_0833,no_context,,'ছন্দসূত্র' গ্রন্থের রচনাকাল কত?,খ্রিস্টপূর্ব ২০০,correct,none,easy,
train_0834,no_context,,"""হরিহর-আত্মা"" এর ভাবার্থ কী?","অভিন্ন-হৃদয়, গভীর বন্ধুত্ব",correct,none,easy,
train_0835,no_context,,'সম্মুখ' শব্দের শুদ্ধ বিপরীত শব্দ কোনটি?,সহাস্য,wrong,fabricated,easy,
train_0836,has_context,"Jurchen ছিলেন ঝিন বংশের প্রতিষ্ঠাতা যিনি মঙ্গলদের দ্বারা পরাজিত হয়েছিলেন। এরপর মঙ্গলরা দক্ষিণ সং রাজ্যের দিকে অগ্রসর হয় এবং এক দীর্ঘ রক্তক্ষয়ী সংঘর্ষে লিপ্ত হয়। এটাই ছিল প্রথম যুদ্ধ যেখানে আগ্নেয়াস্ত্র গুরুত্বপূর্ণ ভূমিকা পালন করে। এই যুদ্ধের পরবর্তী সময়কে বলা হয় Pax Mongolica, এ সময় মার্কো পোলো ও অন্যান্য ইউরোপীয় পরিব্রাজকরা চীন ভ্রমণ করেন এবং চীন সম্পর্কিত বিভিন্ন তথ্য ইউরোপে পৌছায়। ইউয়ান শাসনামলে, মঙ্গলদেরকে দুইটি অংশে ভাগ করা হয়, একটি অংশ স্তেপে থেকে যায় এবং আর একটি অংশ চৈনিক রীতিনীতি গ্রহন করে। চেঙ্গিস খানের পৌত্র কুবলাই খান ইউয়ান বংশ প্রতিষ্ঠা করেন। ইউয়ান শাসনামলে সর্ব প্রথম বেইজিং থেকে সমগ্র চীন সম্রাজ্য পরিচালিত হয়। এর আগে ঝিন সম্রাটদের রাজধানী ছিল বেইজিং। কিন্তু তারা সমগ্র চীনের শাসক ছিলেন না। মঙ্গলদের আগ্রাসনের পূর্বে চীনের জনসংখ্যা ছিল ১২০ মিলিয়ন। ১২৭৯ সালে যুদ্ধ শেষ হবার পর চীনের জনসংখ্যা ছিল ৬০ মিলিয়নের মত।[25] Frederick W. Mote এর মতে যুদ্ধ জনসংখ্যার এই ব্যাপক হ্রাসের একমাত্কার করান ছিল না। পূর্বে জনসংখ্যার গণনা সঠিক ছিল না বলে তিনি মনে করেন।",পাঠ্যাংশে “এরপর মঙ্গলরা দক্ষিণ সং রাজ্যের” কীভাবে বর্ণিত হয়েছে?,এরপর মঙ্গলরা উত্তর সং রাজ্যের দিকে অগ্রসর হয় এবং এক দীর্ঘ রক্তক্ষয়ী সংঘর্ষে লিপ্ত হয়।,wrong,,hard,
train_0837,has_context,অবশেষে ১৯৭১ সালের ২৮ সেপ্টেম্বর ভারতের ডিমাপুরে গঠিত হয় বাংলাদেশ বিমান বাহিনী। শুরুতে বাংলাদেশ বিমান বাহিনীর জনবল ছিলেন পাকিস্তান বিমান বাহিনীর পক্ষত্যাগী বাঙালি কর্মকর্তা ও বিমানসেনারা।,বাংলাদেশ বিমান বাহিনী কবে এবং কোথায় গঠিত হয়?,"১৯৭১ সালের ২৮ সেপ্টেম্বর, ভারতের ডিমাপুরে",correct,none,hard,
train_0838,has_context,দক্ষিণ এশীয় আঞ্চলিক সহযোগিতা সংস্থা (সার্ক) ১৯৮৫ সালের ৮ই ডিসেম্বর বাংলাদেশের রাজধানী ঢাকায় প্রতিষ্ঠিত হয়।,সার্ক কবে ও কোথায় প্রতিষ্ঠিত হয়?,১৯৮৫ সালের ৮ই ডিসেম্বর বাংলাদেশের রাজধানী ঢাকায়।,correct,none,hard,
train_0839,no_context,,"জসীম একজন গিটার বাদক এবং তার তিনটি রঙের গিটার পিক রয়েছে: লাল, নীল এবং হলুদ। তার বাছাইয়ের অর্ধেক লাল, এক-তৃতীয়াংশ নীল, বাকিগুলো হলুদ। যদি তার ১২টি নীল পিক থাকে, তাহলে তার সংগ্রহে মোট হলুদ বাছাইয়ের সংখ্যা কত?",৬,correct,none,easy,
train_0840,has_context,"কম্পিউটার আবিষ্কার এবং এর ব্যবহারের শুরুর দিকেই তথ্য তৈরী, সংরক্ষণ এবং খোঁজার কাজটি বেশ গুরুত্বপূর্ণ হয়ে উঠেছিলো। সর্বপ্রথম ১৯৬০ সালে, বিখ্যাত কম্পিউটার বিজ্ঞানী চার্লস বাকম্যান ডিবিএমএস তৈরী করেন। তিনি তখন জেনারেল ইলেট্রিকে কর্মরত ছিলেন। সেই ডিবিএমএসটির নাম দেয়া হয়েছিলো, ইন্টিগ্রেটেড ডাটা স্টোর(আইডিএস) । ষাটের দশকের শেষের দিকে আইবিএম ইনফরমেশন ম্যানেজমেন্ট সিস্টেম নামে একটি ডিবিএমএস তৈরী করে। এই সফটওয়্যারটিই, তথ্যকে শ্রেনীক্রম অনুসারে কিভাবে সাজানো যায় তার একটি ধারনা দিয়েছিলো, যা বর্তমানে হায়ারারকিকাল ডাটা মডেল নামে পরিচিত। ১৯৭০ সালে এটস্খার কড, তথ্যকে পরিবেশন করার নতুন একটা মডেলের প্রস্তাব দেন। তিনি তখন আইবিএম'র স্যান হোস গবেষণাগারে কর্মরত ছিলেন। এই ধারনাটিই রিলেশনাল ডাটা মডেল নামে পরিচিত। ডিবিএমসের ক্রমবিকাশের সবচেয়ে গুরুত্বপূর্ণ অধ্যায় শুরু হয়, ইন্টারনেটের আবিষ্কার এবং এর বহুল ব্যবহারের পর থেকে। এখন ওয়েবসাইট ভিত্তিক ডাটাবেজকে উন্নত করার জন্য নানা ধরনের গবেষণা চলছে। [1]",অনুচ্ছেদের আলোকে “তিনি তখন আইবিএম স্যান হোস” বিষয়ে প্রাসঙ্গিক তথ্যটি কী?,তিনি তখন আইবিএম'র স্যান হোস গবেষণাগারে কর্মরত ছিলেন না।,wrong,,hard,
train_0841,has_context,"জিউসের সম্মানার্থে প্রাচীন গ্রীসের বিভিন্ন নগর-রাজ্যের অংশগ্রহণে অলিম্পিক গেমস (Ancient Greek: τὰ Ὀλύμπια – ta Olympia; Greek: Ὀλυμπιακοὶ Ἀγῶνες (Katharevousa), Ολυμπιακοί Αγώνες (Dimotiki) i– Olympiakoi Agones) অনুষ্ঠিত হত। এতে মূলত বিভিন্ন দৌড়বাজীর প্রতিযোগিতা হত। অলিম্পিক গেমসের উদ্ভব সম্পর্কে নানা জনশ্রুতি এবং কিংবদন্তি আছে, তবে ঐতিহাসিক তথ্যের ভিত্তিতে মনে করা হয় ৭৭৬খৃঃপূঃ-তে গ্রীসের অলিম্পিয়ায় এই খেলার সূচনা হয়। এরপর এই খেলা প্রতি চার বছর অন্তর অনুষ্ঠিত হত। এই সময়কালকে অলিম্পিয়াডও বলা হয়। প্রায় হাজার বছরেরও বেশি সময় ধরে চলার পর ৩৯৪খৃঃ ষষ্ঠ রোমান সম্রাট প্রথম থিওডোসিয়াস রাষ্ট্রীয় ধর্ম হিসাবে খৃষ্টীয় মতবাদ প্রবর্তন করতে চেয়ে এই খেলা বন্ধ করে দেন। মানব সভ্যতার উষালগ্নের প্রাচীন গ্রিস বিভক্ত ছিল অনেক গুলো স্বাধীন নগররাস্ট্রে। উল্লেখযোগ্য নগর রাস্ট্র গুলো ছিল স্পার্টা, এথেন্স, ডেলফি,করিন্থ, থিবিস, আরগোস প্রভৃতি । সে সময়ে নগর রাস্ট্রগুলো একে অপরের সাথে প্রায়ই যুদ্ধবিগ্রহে লিপ্ত থাকত। অলিম্পিক চলাকালীন অলিম্পিক যুদ্ধবিরতি ঘোষণা করা হত যাতে প্রতিযোগীরা নির্ভয়ে স্ব-স্ব দেশ থেকে এসে অলিম্পিকে অংশ নিতে পারে। বিজয়ীর মাথায় পরিয়ে দেওয়া হত লরেল পাতার মুকুট। ক্রমে অলিম্পিক নগর-রাজ্যগুলির পরস্পরের উপরে ক্ষমতা জাহির করার রাজনৈতিক হাতিয়ার হয়ে ওঠে। একদিকে যেমন খেলা চলাকালীন রাজনীতিকরা রাজনৈতিক মৈত্রীর কথা ঘোষণা করতেন, তেমনি, যুদ্ধকালে পুরোহিতেরা ঈশ্বরের কাছে জয়কামনায় বলি চড়াতেন। এই খেলার মাধ্যমে গ্রীক সংস্কৃতিও ভূমধ্যসাগরীয় অঞ্চলে ব্যাপক প্রসার পায়। অলিম্পিক শুধু মাত্র ক্রীড়ার উৎসব ছিল না, এখানে একাধারে ধর্মীয় ও শিল্পকলার উৎসবও হত। ৪৩৫ খৃস্টপূর্বাব্দে অলিম্পিয়ায় নির্মিত হয় সিংহাসনে বসা হাতির দাঁত এবং সোনার তৈরী দেবরাজ জিউসের মুর্তি, যা ছিল প্রাচীন বিশ্বের সপ্তাশ্চর্য্যের অন্যতম। আজ আর সে মুর্তি নেই। হবু পৃষ্ঠপোষকদের আশায় ভাস্কর ও কবিরা এখানে সম্মিলিত হয়ে নিজ নিজ কলার প্রদর্শনী করতেন।",প্রদত্ত তথ্য অনুযায়ী “অলিম্পিক চলাকালীন অলিম্পিক যুদ্ধবিরতি ঘোষণা” সম্পর্কে কী জানা যায়?,অলিম্পিক চলাকালীন অলিম্পিক যুদ্ধবিরতি ঘোষণা করা হত যাতে প্রতিযোগীরা নির্ভয়ে স্ব-স্ব দেশ থেকে এসে অলিম্পিকে অংশ নিতে পারে।,correct,none,hard,
train_0842,has_context,"স্থানীয় সরকার (ইউনিয়ন পরিষদ) আইন, ২০০৯-এর ধারা ১৮-এর বিষয় প্রশাসক নিয়োগ।","স্থানীয় সরকার (ইউনিয়ন পরিষদ) আইন, ২০০৯-এর ধারা ১৮-এর বিষয় কী?",ভোটার তালিকা ও ভোটাধিকার,wrong,,easy,
train_0843,has_context,"আত্মহত্যা বা আত্মহনন (English: Suicide) হচ্ছে একজন নর কিংবা নারী কর্তৃক ইচ্ছাকৃতভাবে নিজের জীবন বিসর্জন দেয়া বা স্বেচ্ছায় নিজের প্রাণনাশের প্রক্রিয়াবিশেষ। ল্যাটিন ভাষায় সুই সেইডেয়ার থেকে আত্মহত্যা শব্দটি এসেছে, যার অর্থ হচ্ছে নিজেকে হত্যা করা। যখন কেউ আত্মহত্যা করেন, তখন জনগণ এ প্রক্রিয়াকে আত্মহত্যা করেছে বলে প্রচার করে। ডাক্তার বা চিকিৎসকগণ আত্মহত্যার চেষ্টা করাকে মানসিক অবসাদজনিত গুরুতর উপসর্গ হিসেবে বিবেচনা করে থাকেন। ইতোমধ্যেই বিশ্বের অনেক দেশেই আত্মহত্যার প্রচেষ্টাকে এক ধরনের অপরাধরূপে ঘোষণা করা হয়েছে।[1] অনেক ধর্মেই আত্মহত্যাকে পাপ হিসেবে বিবেচনা করা হয়।[2][3][4][5] যিনি নিজেই নিজের জীবন প্রাণ বিনাশ করেন, তিনি - আত্মঘাতক, আত্মঘাতী বা আত্মঘাতিকা, আত্মঘাতিনীরূপে সমাজে পরিচিত হন।",আত্মহত্যা শব্দটির উৎপত্তি কোথা থেকে ?,গ্রিক ভাষার “অটোসিডিয়াম” শব্দ থেকে।,wrong,,hard,
train_0844,has_context,প্রাচীন মিশরের প্রধান ভাষা ছিল মিশরীয় ভাষা। এটি মূলত আফ্রো-এশীয় ভাষা পরিবারের একটি শাখা।,প্রাচীন মিশরের প্রধান ভাষা মিশরীয় কোন ভাষা পরিবারের একটি শাখা?,আফ্রো-এশীয় ভাষা পরিবার,correct,none,hard,
train_0845,has_context,"কেনিয়া পূর্ব আফ্রিকার একটি প্রজাতান্ত্রিক রাষ্ট্র এবং কমনওয়েলথ অভ নেশনসের সদস্য। কেনিয়া মালভূমি ও উঁচু পর্বতে পূর্ণ। এখানে বহু জাতির লোকের বাস। অতীতে এটি একটি ব্রিটিশ উপনিবেশ ছিল। ১৯৬৩ সালে এটি স্বাধীনতা লাভ করে এবং ১৯৬৪ সাল থেকে এটি একটি প্রজাতান্ত্রিক রাষ্ট্র হয়। কেনিয়ার উত্তরে সুদান ও ইথিওপিয়া, পূর্বে সোমালিয়া ও ভারত মহাসাগর, দক্ষিণে তানজানিয়া এবং পশ্চিমে ভিক্টোরিয়া হ্রদ ও উগান্ডা। নাইরোবি কেনিয়ার রাজধানী ও বৃহত্তম শহর।",কেনিয়া কত সালে পূর্ব আফ্রিকার একটি প্রজাতান্ত্রিক রাষ্ট্র হিসেবে পরিচিতি লাভ করে ?,১৯৬৪ সালে প্রজাতান্ত্রিক রাষ্ট্র হিসেবে পরিচিতি লাভ করে।,correct,none,hard,
train_0846,no_context,,“খবর” শব্দের সমার্থক শব্দ কোনটি?,বোল,correct,none,easy,
train_0847,has_context,শায়েস্তা খান মুঘল আমলে বাংলার একজন সুবাদার তথা প্রাদেশিক শাসক ছিলেন। দু'দফায় সর্বমোট ২২ বছর তিনি বাংলা শাসন করেন। তিনি সম্রাট আওরঙ্গজেবের মামা ছিলেন। প্রথমে ১৬৬৪ সাল থেকে ১৬৭৮ সাল এবং দ্বিতীয়বার ১৬৮০ সাল থেকে ১৬৮৮ সাল পর্যন্ত। তার শাসনামলে টাকায় ৮ মন চাল পাওয়া যেতো। এর উল্লেখযোগ্য কীর্তিগুলির মধ্যে একটি ছিল মুঘলদের চট্টগ্রাম বিজয়।,শায়েস্তা খানের শাসনামলে বাংলার কোন শহরের ব্যাপক উন্নতি সাধিত হয়?,মুর্শিদাবাদের,wrong,,easy,
train_0848,no_context,,"সংবিধানের কোন অনুচ্ছেদ অনুযায়ী কেবল ধর্ম, বর্ণ, জাতি, নারী-পুরুষ বা জন্মস্থানের কারণে রাষ্ট্র কোনো নাগরিকের প্রতি বৈষম্য প্রদর্শন করবে না?",অনুচ্ছেদ ২৮(১),correct,none,hard,
train_0849,has_context,"মিনারটি তৈরি হয় মেডিকেলের ছাত্র হোস্টেলের (ব্যারাক) বার নম্বর শেডের পূর্ব প্রান্তে। কোণাকুণিভাবে হোস্টেলের মধ্যবর্তী রাস্তার গা-ঘেঁষে। উদ্দেশ্য বাইরের রাস্তা থেকে যেন সহজেই চোখে পড়ে এবং যে কোনো শেড থেক বেরিয়ে এসে ভেতরের লম্বা টানা রাস্তাতে দাঁড়ালেই চোখে পড়ে। শহীদ মিনারটি ছিল ১০ ফুট উচ্চ ও ৬ ফুট চওড়া। মিনার তৈরির তদারকিতে ছিলেন জিএস শরফুদ্দিন (ইঞ্জিনিয়ার শরফুদ্দিন নামে পরিচিত), ডিজাইন করেছিলেন বদরুল আলম; সাথে ছিলেন সাঈদ হায়দার। তাদের সহযোগিতা করেন দুইজন রাজমিস্ত্রী। মেডিকেল কলেজের সম্প্রসারণের জন্য জমিয়ে রাখা ইট, বালি এবং পুরান ঢাকার পিয়ারু সর্দারের গুদাম থেকে সিমেন্ট আনা হয়। ভোর হবার পর একটি কাপড় দিয়ে ঢেকে দেওয়া হয় মিনারটি। ঐ দিনই অর্থাৎ ২৪ ফেব্রুয়ারি সকালে, ২২ ফেব্রুয়ারির শহীদ শফিউরের পিতা অনানুষ্ঠানিকভাবে শহীদ মিনারের উদ্বোধন করেন। ২৬ ফেব্রুয়ারি সকালে দশটার দিকে শহীদ মিনার উদ্বোধন করেন আজাদ সম্পাদক আবুল কালাম শামসুদ্দিন। উদ্বোধনের দিন অর্থাৎ ২৬ ফেব্রুয়ারি পুলিশ ও সেনাবাহিনী মেডিকেলের ছাত্র হোস্টেল ঘিরে ফেলে এবং প্রথম শহীদ মিনার ভেঙ্গে ফেলে। এরপর ঢাকা কলেজেও একটি শহীদ মিনার তৈরি করা হয়, এটিও একসময় সরকারের নির্দেশে ভেঙ্গে ফেলা হয়।[1]",পাঠ্যাংশ থেকে “২৬ ফেব্রুয়ারি সকালে দশটার দিকে” সম্পর্কিত সঠিক তথ্যটি লিখুন।,২৭ ফেব্রুয়ারি সকালে দশটার দিকে শহীদ মিনার উদ্বোধন করেন আজাদ সম্পাদক আবুল কালাম শামসুদ্দিন।,wrong,numeric,hard,
train_0850,has_context,"১৮৮৮ সালের ৭ এপ্রিল প্রবল ভূমিকম্পে পুরো আহসান মঞ্জিলের ব্যাপক ক্ষতি সাধিত হয়। ক্ষতিগ্রস্ত আহসান মঞ্জিল পুনর্নির্মাণের সময় বর্তমান উঁচু গম্বুজটি সংযোজন করা হয়। পুনর্নির্মাণ ও মেরামতের জন্য রাণীগঞ্জ থেকে উন্নতমানের ইট আনা হয়। মেরামতকর্ম পরিচালনা করেন প্রকৌশলী গোবিন্দ চন্দ্র রায়। ১৮৯৭ সালে ১২ই জুন ঢাকায় ভূমিকম্প আঘাত হানলে আহসান মঞ্জিলের ব্যাপক ক্ষয়-ক্ষতি হয়। আহসান মঞ্জিলের দক্ষিণের বারান্দাসহ ইসলামপুর রোড সংলগ্ন নহবত খানাটি সম্পূর্ণ ভেঙ্গে পড়ে, পরবর্তীকালে নবাব আহসানুল্লাহ তা পুনঃনির্মাণ করেন।",আহসান মঞ্জিল পুনর্নির্মাণকাজে ইট কোথা থেকে আনা হয়?,রাণীগঞ্জ থেকে,correct,none,hard,
train_0851,has_context,"স্থানীয় সরকার (ইউনিয়ন পরিষদ) আইন, ২০০৯-এর ধারা ২২-এর বিষয় নির্বাচনী দরখাস্ত দাখিল।","স্থানীয় সরকার (ইউনিয়ন পরিষদ) আইন, ২০০৯-এর ধারা ২২-এর বিষয় কী?",নির্বাচনী দরখাস্ত দাখিল,correct,none,easy,
train_0852,no_context,,বাংলাদেশের প্রথম রাষ্ট্রপতি হিসেবে স্বাধীনতার ঘোষণাপত্রে কার নাম উল্লেখ ছিল?,শেখ মুজিবুর রহমান,correct,none,easy,
train_0853,has_context,মক্কার বহুঈশ্বরবাদী কুরাইশদের পক্ষ থেকে তিনি ১৩ বছর ধরে নির্যাতনের শিকার হন।,মুহাম্মাদ মক্কার কুরাইশদের হাতে কত বছর ধরে নির্যাতনের শিকার হন?,১৩ বছর,correct,none,hard,
train_0854,no_context,,”পথিক তুমি পথ হারাইয়াছ” – কথাটি কার?,বঙ্কিমচন্দ্র চট্টোপাধ্যায়,correct,none,hard,
train_0855,has_context,"জর্জ ওয়াশিংটন (ফেব্রুয়ারি ২২, ১৭৩২[lower-alpha 1] – ডিসেম্বর ১৪, ১৭৯৯) মার্কিন যুক্তরাষ্ট্রের প্রথম রাষ্ট্রপতি।[1] তিনি আমেরিকার স্বাধীনতা যুদ্ধ-এ কন্টিনেন্টাল আর্মির সর্বাধিনায়কের দায়িত্ব পালন করেন। তাকে মার্কিন যুক্তরাষ্ট্র গঠনের প্রধান বলে উল্লেখ করা হয় এবং তিনি তার জীবদ্দশায় এবং এখনও মার্কিন যুক্তরাষ্ট্রের জাতির জনক হিসেবে পরিচিত।[2]",মার্কিন যুক্তরাষ্ট্রের প্রথম রাষ্ট্রপতি জর্জ ওয়াশিংটন কবে জন্মগ্রহণ করেন ?,"ফেব্রুয়ারি ২২, ১৭৩২",,,,
train_0856,no_context,,'ফরসা' শব্দের বিপরীতার্থক শব্দ-,মেঘলা,correct,none,easy,
train_0857,no_context,,মহাশ্বেতা দেবী কোন সর্বোচ্চ ভারতীয় সাহিত্য পুরস্কার লাভ করেন?,জ্ঞানপীঠ পুরস্কার,correct,none,hard,
train_0858,no_context,,বঙ্গবন্ধু শেখ মুজিবুর রহমান কত তারিখে জন্মগ্রহণ করেন?,১ মার্চ ১৯১৯ খৃঃ,wrong,fabricated,hard,
train_0859,no_context,,'তিতা' শব্দের শুদ্ধ বিপরীত শব্দ কোনটি?,ঐদাসীন্য,wrong,fabricated,easy,
train_0860,no_context,,"'জাতীয় মানবাধিকার কমিশন (সংশোধন) অধ্যাদেশ, ২০২৪' অধ্যাদেশটি কোন উদ্দেশ্যে প্রণয়ন করা হয়েছিল?","জাতীয় মানবাধিকার কমিশন আইন, ২০০৯ সংশোধনকল্পে প্রণীত অধ্যাদেশ।",correct,none,hard,
train_0861,has_context,রাজশাহী কলেজ বাংলাদেশের রাজশাহী শহরে অবস্থিত একটি শিক্ষাপ্রতিষ্ঠান। ১৮৭৩ সালে এই কলেজটি প্রতিষ্ঠিত হয়। ঢাকা কলেজ ও চট্টগ্রাম কলেজ এর পরে রাজশাহী কলেজ বাংলাদেশের ৩য় প্রাচীনতম কলেজ। জাতীয় বিশ্ববিদ্যালয়ের অধিভুক্ত স্নাতক ও স্নাতকোত্তর স্তরের ৬৮৫টি কলেজের ২০১৫ সালের তথ্যের ভিত্তিতে রাজশাহী কলেজ বাংলাদেশের সেরা কলেজ।[1][2] বাংলাদেশে এই কলেজ হতেই সর্বপ্রথম মাস্টার্স ডিগ্রি প্রদান করা শুরু হয়। কলেজটি রাজশাহী শহরের কেন্দ্রস্থলে রাজশাহী কলেজিয়েট স্কুল এর পাশে অবস্থিত। এই প্রাচীন কলেজের পাশে অবস্থিত হবার কারণে স্কুলটির নাম কলেজিয়েট রাখা হয়েছিলো । এটি বাংলাদেশ জাতীয় বিশ্ববিদ‍্যালয়ের অধীনে মাস্টার্স ও সম্মান ডিগ্রি প্রদান করে থাকে। ১৯৯৬ সাল থেকে এই কলেজে উচ্চ মাধ্যমিক স্তরে ছাত্র নথিভুক্ত করা বন্ধ করা হলেও বর্তমানে ২০১০-১১ শিক্ষাবর্ষ থেকে পুনরায় ভর্তি করা হচ্ছে।,অনুচ্ছেদের ভিত্তিতে “১৮৭৩ কলেজটি প্রতিষ্ঠিত” বিষয়ে কোন বক্তব্যটি সঠিক?,১৮৭৩ সালে এই কলেজটি প্রতিষ্ঠিত হয়।,correct,none,hard,
train_0862,has_context,২৩ জুন ১৯৪৯ : ... মজলুম জননেতা মাওলানা আব্দুল হামিদ খান ভাসানীর নেতৃত্বে গঠিত হয় আওয়ামী মুসলিম লীগ। এর প্রতিষ্ঠাতা সাধারণ সম্পাদক ছিলেন শামসুল হক (টাঙ্গাইল)।,আওয়ামী মুসলিম লীগ কবে গঠিত হয়?,২৩ জুন ১৯৪৯,correct,none,hard,
train_0863,has_context,২০১১ সালের ৪ মে প্রধানমন্ত্রী শেখ হাসিনা মুক্তিযুদ্ধ জাদুঘরের নতুন ভবনের ভিত্তিপ্রস্তর স্থাপন করেন। ২০১৭ সালের ১৬ এপ্রিল থেকে আনুষ্ঠানিকভাবে চালু হয় মুক্তিযুদ্ধ জাদুঘরের নতুন ভবন। প্রধানমন্ত্রী শেখ হাসিনা এর উদ্বোধন করেন। ১০২ কোটি টাকা ব্যয়ে তৈরি হয় মুক্তিযুদ্ধ জাদুঘরের এই ২তলা ভবন।,মুক্তিযুদ্ধ জাদুঘরের নতুন ভবন কতটি তলা বিশিষ্ট?,২ তলা বিশিষ্ট,correct,none,hard,
train_0864,has_context,'গোঁফখেজুরে' শব্দটির ব্যাসবাক্য হলো: গোঁফে খেজুর যার।,"ব্যাসবাক্য অনুযায়ী, 'গোঁফখেজুরে' শব্দটি কোন সমাসের উদাহরণ?",সমানাধিকরণ বহুব্রীহি,wrong,,hard,
train_0865,no_context,,মোহাম্মদ লুৎফর রহমানের প্রথম উপন্যাসের নাম কী?,সরলা,correct,none,easy,
train_0866,has_context,"ওডিআইতে সাকিব ৬,০০০-এর বেশি রান এবং ২৭০-এর বেশি উইকেট নিয়েছেন। ২০১২ এশিয়া কাপে সাকিব ২৩৭ রান এবং ছয় উইকেট নিয়ে টুর্নামেন্টের সেরা খেলোয়াড় নির্বাচিত হন। ২০১৯ আইসিসি ক্রিকেট বিশ্বকাপে তিনি ৬০৬ রান করে টুর্নামেন্টের গ্রুপ পর্বে সর্বোচ্চ রানের রেকর্ড গড়েন, যা পূর্বে শচীন তেন্ডুলকরের দখলে ছিল।",সাকিব ইতিহাসে দ্রুততম খেলোয়াড় হিসেবে ওডিআইতে কোন যুগল রেকর্ড অর্জন করেন?,"৬,০০০ রান ও ২৫০ উইকেটের ডাবল",wrong,numeric,hard,
train_0867,has_context,"স্থানীয় সরকার (ইউনিয়ন পরিষদ) আইন, ২০০৯-এর ধারা ১২-এর বিষয় সীমানা নির্ধারণ কর্মকর্তা নিয়োগ।","স্থানীয় সরকার (ইউনিয়ন পরিষদ) আইন, ২০০৯-এর ধারা ১২-এর বিষয় কী?",সীমানা নির্ধারণ কর্মকর্তা নিয়োগ,correct,none,easy,
train_0868,has_context,"বলা হয় যে, বাদশাহ হওয়ার পর হুসাইন তার দাদার মৃত্যুর ঘটনার কারণে ছয় দিনের যুদ্ধের পর একই ভাগ্য এড়ানোর জন্য ইসরায়েলের সাথে শান্তি আলোচনায় বসেননি।[২৯]",বাদশাহ হুসাইন কোন যুদ্ধের পর দাদার পরিণতি এড়াতে ইসরায়েলের সাথে শান্তি আলোচনায় বসেননি বলে উল্লেখ আছে?,১৯৭৩ সালের যুদ্ধ,wrong,numeric,easy,
train_0869,no_context,,অ্যাস্ট্রোলেব যন্ত্র নিয়ে গবেষণা করেন কোন আরবীয় গবেষক?,জন নেপিয়ার,wrong,fabricated,easy,
train_0870,has_context,"১৯৭৪ সালের ৯ ডিসেম্বর বিশ্ববিদ্যালয়ের এক বিশেষ সমাবর্তনে অধ্যাপক সত্যেন্দ্রনাথ বসু (মরণোত্তর), ড. মুহম্মদ শহীদুল্লাহ (মরণোত্তর), কাজী নজরুল ইসলাম, ওস্তাদ আলী আকবর খান, ড. হিরেন্দ্রলাল দে, ড. মুহম্মদ কুদরত-ই-খুদা, অধ্যাপক কাজী মোতাহার হোসেন ও অধ্যাপক আবুল ফজলকে সম্মানসূচক ডক্টরেট ডিগ্রি দান করা হয়। গণপ্রজাতন্ত্রী বাংলাদেশ সরকার ১৯৭৫ সালে জাতীয় অধ্যাপক পদ প্রচলন করে এবং ঐ বছর ১৮ মার্চ কাজী মোতাহার হোসেন, আবদুর রাজ্জাক ও জয়নুল আবেদীনকে ঐ পদে নিযুক্ত করা হয়।",১৯৭৫ সালের ১৮ মার্চ প্রথম কাদের জাতীয় অধ্যাপক পদে নিযুক্ত করা হয়?,"কাজী মোতাহার হোসেন, আবদুর রাজ্জাক ও জয়নুল আবেদীন",correct,none,hard,
train_0871,no_context,,দোলার মা তাকে দোকানে যাওয়ার জন্য ৳৫৬ দিয়েছেন। দোলা ৭টি নোটবুক এবং ২টি বই কিনেছে। প্রতিটি নোটবুকের দাম ৳৪ এবং প্রতিটি বইয়ের দাম ৳৭। দোলার কত টাকা বাকি আছে?,১৬,wrong,fabricated,easy,
train_0872,has_context,আরমান মিয়া (জন্ম: ১০ অক্টোবর ১৯৭৭) একজন অবসরপ্রাপ্ত বাংলাদেশী পেশাদার ফুটবলার যিনি আক্রমণাত্মক মিডফিল্ডার হিসেবে খেলেন। তিনি ১৯৯৩ থেকে ২০০৬ সাল পর্যন্ত বাংলাদেশ জাতীয় দলের হয়ে খেলেছেন,আরমান মিয়া কবে জন্মগ্রহণ করেন?,আরমান মিয়া (জন্ম: ১০ অক্টোবর ১৯৭৭) একজন অবসরপ্রাপ্ত বাংলাদেশী পেশাদার ফুটবলার যিনি আক্রমণাত্মক মিডফিল্ডার হিসেবে খেলেন।,correct,none,easy,
train_0873,has_context,"উল্লেখযোগ্য প্রাক্তন ছাত্র: অ্যাডমিরাল জাফর মাহমুদ আব্বাসি – পাকিস্তান নৌবাহিনীর দায়িত্বে থাকা চিফ। মুহাম্মদ জাকাউল্লাহ – প্রাক্তন চিফ অফ নেভাল স্টাফ, পাকিস্তান নেভি। খালিদ শামীম ওয়াইন – জয়েন্ট চিফস অফ স্টাফ কমিটির চেয়ারম্যান। আব্বাস খাত্তাক – বিমান বাহিনী প্রধান, পাকিস্তান বিমান বাহিনী।","ক্যাডেট কলেজ হাসান আবদালের একজন উল্লেখযোগ্য প্রাক্তন ছাত্র যিনি পাকিস্তান নৌবাহিনীর চিফ ছিলেন, তার নাম কী?",অ্যাডমিরাল জাফর মাহমুদ আব্বাসী,wrong,,hard,
train_0874,has_context,প্রথম টেস্টে অস্ট্রেলিয়ার প্রথম ইনিংসে উইকেটরক্ষক হিল্ডা হিলস নাক ভেঙে ২ রানে আহত হয়ে মাঠ ছাড়েন। এরপর হিলস আর ম্যাচে অংশ নেননি এবং তার পরিবর্তে হ্যাজেল প্রিচার্ড উইকেটরক্ষকের দায়িত্ব নেন। ম্যাকল্যাগান ৭২ রান করার পর পঞ্চম নারী ব্যাটসম্যান হিসেবে আউট হন।,হিল্ডা হিলসের পরিবর্তে কে উইকেটরক্ষকের দায়িত্ব নেন?,রেনে শেভিল,wrong,,easy,
train_0875,has_context,"জগদীশচন্দ্রের প্রাথমিক শিক্ষার সূত্রপাত হয় ফরিদপুর জেলার একটি গ্রাম্য বিদ্যালয়ে। তাঁর এগার বৎসর বয়সে বসু পরিবার কলকাতায় চলে যায়। সেখানে তিনি প্রথমে হেয়ার স্কুলে, পরে সেন্ট জেভিয়ার্স স্কুলে অধ্যয়ন করেন। সেন্ট জেভিয়ার্স স্কুল থেকে ১৮৭৫ সালে এন্ট্রান্স পরীক্ষা পাস করেন। ১৮৭৯ সালে সেন্ট জেভিয়ার্স কলেজ থেকে বিজ্ঞান বিভাগে স্নাতক পরীক্ষায় উত্তীর্ণ হন। রেভারেন্ড ফাদার লাফোন্ট-এর উৎসাহে তিনি পদার্থ বিজ্ঞানের প্রতি আগ্রহী হয়ে উঠেন।",সেন্ট জেভিয়ার্স কলেজ থেকে জগদীশচন্দ্র বিজ্ঞান বিভাগে স্নাতক পাস করেন কত সালে?,১৮৭৯ সালে,,,,
train_0876,has_context,"প্রাচীন মিশরিয় ভাষা উত্তর অফ্রোএশিয়াটিক ভাষাপরিবারের অন্তর্ভুক্ত, বারবার এবং সেমিটিক ভাষাগুলির নিকট সম্পর্কিত। সুমেরিয় ভাষার পর এই ভাষার ইতিহাস সবচেয়ে দীর্ঘ; ৩২০০ খ্রীষ্টপূর্বাব্দ হতে মধ্যযুগ পর্যন্ত এ ভাষা লিখা হত, কথ্য হিসেবে তার চেয়ে দীর্ঘসময় এ ভাষা টিকে ছিল। প্রাচীন মিশরীয় ভাষাকে কয়েকটি পর্যায়কালে ভাগ করা যায়: প্রাচীন, মধ্য (ধ্রূপদী মিশরিয়), পরবর্তী, ডেমোটিক ও কপটিক। কপটিকের পূর্বে মিশরিয় লেখনে উপভাষাগত পার্থক্য দেখা যায় না, তবে ধারণা করা হয় প্রথমে মেমফিস ও পরে থেবেসের উপভাষাই মান ভাষা ছিল।",প্রাচীন মিশরের প্রধান ভাষা কী ছিল ?,প্রাচীন মিশরের প্রধান ভাষা ছিল প্রাচীন মিশরীয় ভাষা।,correct,none,hard,
train_0877,no_context,,তুমি ২০০ টাকা নিয়ে বাজারে গেলে ১৬০.৭৫ টাকায় মাছ ও ডিম কিনলে এখন তোমার কাছে আর কত টাকা আছে?,39.25,correct,none,easy,
train_0878,has_context,"স্থানীয় সরকার (ইউনিয়ন পরিষদ) আইন, ২০০৯-এর ধারা ৭৫-এর বিষয় পরিষদের সিদ্ধান্ত, কার্যবিবরণী, ইত্যাদি বাতিল বা স্থগিতকরণ।","স্থানীয় সরকার (ইউনিয়ন পরিষদ) আইন, ২০০৯-এর ধারা ৭৫-এর বিষয় কী?","পরিষদের সিদ্ধান্ত, কার্যবিবরণী, ইত্যাদি বাতিল বা স্থগিতকরণ",correct,none,easy,
train_0879,has_context,"সেগুলির মধ্যে আখ্যানকাব্য হচ্ছে পদ্মাবতী (১৬৪৮), সতীময়না-লোর-চন্দ্রানী (১৬৫৯), সপ্তপয়কর (১৬৬৫), সয়ফুলমুলুক বদিউজ্জামাল (১৬৬৯) ও সিকান্দরনামা (১৬৭৩)।",আলাওলের সপ্তপয়কর আখ্যানকাব্যটি কোন সালে রচিত?,১৬৭৩ সাল,wrong,numeric,hard,
train_0880,has_context,"ক্যারোলিন এস. গর্ডন (জন্ম ১৯৫০) একজন মার্কিন গণিতবিদ যিনি ডার্টমাউথ কলেজ-এর গণিতের বেঞ্জামিন চেনি অধ্যাপক। ডেভিড ওয়েব এবং স্কট এ. ওলপার্টের সাথে তার কাজে ""আপনি কি ড্রামের আকৃতি শুনতে পারেন?"" এই প্রশ্নের নেতিবাচক উত্তর দেওয়ার জন্য তিনি সবচেয়ে বেশি পরিচিত। তিনি একজন শাভেনে পুরস্কার বিজয়ী এবং ২০১০ সালের নোথার লেকচার দাতা।",অনুচ্ছেদের ভিত্তিতে “ডেভিড ওয়েব স্কট” বিষয়ে কোন বক্তব্যটি সঠিক?,আকৃতি ওয়েব এবং স্কট এ.,wrong,,hard,
train_0881,no_context,,‘পুরোহিত’ শব্দের সন্ধি বিচ্ছেদ কী?,পুরঃ + হিত,correct,none,hard,
train_0882,no_context,,'বিভক্ত' শব্দের শুদ্ধ বিপরীত শব্দ কোনটি?,সংহত,correct,none,easy,
train_0883,no_context,,বাংলাদেশের জাতীয় সংগীত 'আমার সোনার বাংলা'-র রচয়িতা কে?,রবীন্দ্রনাথ ঠাকুর,correct,none,easy,
train_0884,has_context,ইসলামের হাদিস অনুসারে মোহাম্মদের জন্মের পূর্বে তার মাতা আমিনা স্বপ্নযোগে আশ্চর্যজনক বেশ কয়েকটি ঘটনা দেখেন। এছাড়া তাঁর জন্মের সময়ও কিছু অলৌকিক ঘটনার উল্লেখ বিভিন্ন হাদিস সূত্রে পাওয়া যায়। জন্মের পর নবীর দাদা আবদুল মোত্তালেবকে সংবাদ দেয়া হয় এবং তিনি নবজাতককে দেখে যারপরনাই খুশি হন। উল্লেখ্য নবীর জন্মের আগেই তার পিতা আবদুল্লাহ মারা যান। আবদুল মোত্তালেব নবজাতকের নাম রাখেন মোহাম্মদ যে নাম তত্কালীন আরবে খুব একটা প্রচলিত ছিলনা। আরবীতে এই শব্দের অর্থ প্রশংসিত। পরবর্তীকালে নবীর আরেকটি নামের উল্লেখ পাওয়া যায় যা তাঁর মাতা রাখেন আর তা হল আহমাদ - এই শব্দের অর্থ প্রশংসাকারী। আরবের নিয়ম অনুযায়ী জন্মের সপ্তম দিনে মোহাম্মদের (সাঃ) খৎনা করানো হয়।,নবী মুহাম্মাদের বাবার নাম কী ?,আবদুল্লাহ নয়।,wrong,,hard,
train_0885,has_context,"মৌমাছির চাক মোম দিয়ে তৈরী। চাক ছোট ছোট খোপ বিশিষ্ট। প্রতিটি খোপে থাকে ছয়টি দেওয়াল। তবে শিশু শ্রমিকের ও মধু জমানোর খোপগুলো পরিমাপে একটু ছোট, শিশু পুরুষদের একটু বড় এবং শিশু রাণীর বেশ বড় ও লম্বাটে। শিশুদের খুপগুলো সাধারণত চাকের নিচের দিকে ও মধু জমানোর খুপগুলো উপরের দিকে থাকে। শিশু রাণীর খোপে থাকে সাধারণত চাকের নিচের দিকের কিনারায়। ডিম পাড়ার পূর্বে রাণী দেখে নেয় খোপের মাপ, যাতে নির্দিষ্ট মাপের খোপে নির্দিষ্ট প্রকারের ডিম পাড়ে। ডিম পাড়ার তিন দিনের মধ্যে ডিম ফুটে শ্রককীট বা শিশু মৌমাছি বেড়িয়ে আসে। শ্রমিক মৌমাছি এসব শিশু মোমাছিদের প্রথম তিন দিন মধু ও পরাগরেণুর পাশাপাশি রাজসুধা খেত দেয়। রাজসুধা তৈরী হয় শ্রমিক মৌমাছির মুখের এক বিশেষ গ্রন্থি থেকে । প্রায় ৮/৯ দিন পর শ্রমিকের সব শুককীটের মুখ মোম দিয়ে বন্ধ করে দেয়। এ বন্ধ খোপের মধ্যে শুককীট মুককীটে বা পুত্তলিতে রুপান্তরিত হয়। ভাবী রাণীর ক্ষেত্রে খোপের বন্ধ থাকার সময় প্রায় ৭ দিন, শ্রমিকের ক্ষেত্রে ১২ দিন ও পুরুষদের ক্ষেত্রে ১৫ দিন। এরপর মুককীট পূর্ণ বয়স্ক মৌমাছিতে রুপান্তরিত হয় এবং খোপের মুখ কেটে বেড়িয়ে আসে।",মৌমাছি যেখানে মধু সংগ্রহ করে রাখে সেটিকে কী বলা হয় ?,চাক,correct,none,easy,
train_0886,has_context,সালমান শাহ (১৯ সেপ্টেম্বর ১৯৭১ - ৬ সেপ্টেম্বর ১৯৯৬) ছিলেন একজন বাংলাদেশী অভিনেতা ও মডেল। তাঁর প্রকৃত নাম শাহরিয়ার চৌধুরী ইমন[1] টেলিভিশন নাটক দিয়ে তার অভিনয় জীবন শুরু হলেও ১৯৯০-এর দশকে তিনি চলচ্চিত্রে অন্যতম জননন্দিত শিল্পী হয়ে উঠেন।[2] ১৯৯৩ সালে তার অভিনীত প্রথম চলচ্চিত্র সোহানুর রহমান সোহান পরিচালিত কেয়ামত থেকে কেয়ামত মুক্তি পায়।[2] একই ছবিতে নায়িকা মৌসুমী ও গায়ক আগুনের অভিষেক হয়। জনপ্রিয় এই নায়ক নব্বইয়ের দশকের বাংলাদেশে সাড়া জাগানো অনেক চলচ্চিত্রে অভিনয় করেন। তিনি সর্বমোট ২৭টি চলচ্চিত্র অভিনয় করেন এবং সবকয়টিই ছিল ব্যবসাসফল।[3] তিনি ১৯৯৬ সালের ৬ সেপ্টেম্বর অকালে রহস্যজনক ভাবে মৃত্যুবরণ করেন[2]।,বাংলাদেশী অভিনেতা সালমান শাহ প্রথম কোন চলচ্চিত্রে অভিনয় করেন ?,কেয়ামত থেকে কেয়ামত মুক্তি পায়,,,,
train_0887,has_context,"ব্রাহ্ম সভা হিন্দুধর্ম সংস্কারক রাজা রামমোহন রায় (১৭৭২-১৮৩৩) কর্তৃক ১৮২৮ সালের আগস্ট মাসে প্রতিষ্ঠিত হয়, যা পরবর্তীতে ব্রাহ্ম সমাজ নামে পরিচিত হয়।",দেবেন্দ্রনাথ ঠাকুর কোন সালে তত্ত্ববোধিনী সভা প্রতিষ্ঠা করেন?,১৮৩৯ সালে,correct,none,hard,
train_0888,no_context,,'সুযোগ' শব্দের শুদ্ধ বিপরীত শব্দ কোনটি?,নির্বাপণ,wrong,fabricated,easy,
train_0889,has_context,"তিনি সৌরভের ক্রিকেটার হওয়ার স্বপ্নকে সমর্থন করেছিলেন এবং তাঁদের পিতাকে গ্রীষ্মের ছুটিতে সৌরভকে একটি ক্রিকেট কোচিং শিবিরে ভর্তি করতে বলেন, সেই সময় সৌরভ দশম শ্রেণিতে পড়াশোনা করছিলেন।",ক্রিকেট কোচিং শিবিরে ভর্তি হওয়ার সময় সৌরভ কোন শ্রেণিতে পড়াশোনা করছিলেন?,অষ্টম শ্রেণিতে।,wrong,,hard,
train_0890,has_context,ভারতীয় উপমহাদেশে সাংবিধানিক ধারার বিকাশ ঘটে ১৭৭৩ সালের রেগুলেটিং অ্যাক্ট পাসের মধ্য দিয়ে এবং ক্রমান্বয়ে তা পরিবর্তিত হতে থাকে ১৯৩৫ সালের ভারত শাসন আইন পর্যন্ত।,পাকিস্তানের ১৯৫৬ সালের সংবিধান কবে কার্যকর হয়?,১৯৫৬ সালের ১৪ আগস্ট,wrong,numeric,hard,
train_0891,has_context,"নিকোলাস আন্দ্রেস বুরদিসো (জন্ম ১২ এপ্রিল ১৯৮১) হলেন একজন আর্জেন্টিনীয় ফুটবল ম্যানেজার এবং প্রাক্তন পেশাদার খেলোয়াড় যিনি সেন্টার ব্যাক হিসেবে খেলতেন। বুরদিসো বোকা জুনিয়র্সের সাথে তার কর্মজীবন শুরু করেন। এখানে তিনি আর্জেন্টিনীয় চ্যাম্পিয়নশিপ, তিনটি কোপা লিবার্তাদোরেস এবং দুটি আন্তঃমহাদেশীয় কাপ জিতেছেন। ২০০৪ সালে ইতালীয় ক্লাব ইন্টার মিলানের সাথে চারটি সেরিয়ে আ শিরোপা জিতেছিলেন, একটি কোপা ইতালিয়া এবং সুপারকোপা ইতালিয়ানা জিতেছিলেন। ২০০৯ সালে তিনি রোমা এবং পরে জেনোয়া এবং তোরিনোতে চলে যান। একজন প্রাক্তন আর্জেন্টিনা আন্তর্জাতিক খেলোয়াড় হিসেবে ২০০৩ সালে অভিষেকের পর থেকে তিনি ৪৯টি ম্যাচ খে",অনুচ্ছেদের আলোকে “প্রাক্তন আর্জেন্টিনা আন্তর্জাতিক খেলোয়াড় হিসেবে” বিষয়ে প্রাসঙ্গিক তথ্যটি কী?,একজন প্রাক্তন আর্জেন্টিনা আন্তর্জাতিক খেলোয়াড় হিসেবে ২০০৩ সালে অভিষেকের পর থেকে তিনি ৪৯টি ম্যাচ খে,correct,none,hard,
train_0892,has_context,ইয়াজিদ তার ভাই ইব্রাহিম ইবনুল ওয়ালিদকে তার উত্তরসূরি মনোনীত করেছিলেন।,তৃতীয় ইয়াজিদ কাকে তার উত্তরসূরি মনোনীত করেছিলেন?,মারওয়ান ইবনে মুহাম্মদ,wrong,,easy,
train_0893,no_context,,সংবিধান অনুযায়ী জাতীয় সংসদের মেয়াদ কত বছর?,পাঁচ বছর,correct,none,hard,
train_0894,has_context,"""Pritilata had been closely associated with, if not actually the mistress of, the terrorist Biswas who was hanged for the murder of Inspector Tarini Mukherjee...""",প্রীতিলতার মৃত্যুর পর বেঙ্গল চিফ সেক্রেটারির রিপোর্টে তাকে কোন সন্ত্রাসবাদীর সাথে ঘনিষ্ঠভাবে যুক্ত বলে উল্লেখ করা হয়?,সন্ত্রাসবাদী (রামকৃষ্ণ) বিশ্বাস।,correct,none,easy,
train_0895,has_context,"১৮৮৮ সালের ৭ এপ্রিল প্রবল ভূমিকম্পে পুরো আহসান মঞ্জিলের ব্যাপক ক্ষতি সাধিত হয়। ক্ষতিগ্রস্ত আহসান মঞ্জিল পুনর্নির্মাণের সময় বর্তমান উঁচু গম্বুজটি সংযোজন করা হয়। পুনর্নির্মাণ ও মেরামতের জন্য রাণীগঞ্জ থেকে উন্নতমানের ইট আনা হয়। মেরামতকর্ম পরিচালনা করেন প্রকৌশলী গোবিন্দ চন্দ্র রায়। ১৮৯৭ সালে ১২ই জুন ঢাকায় ভূমিকম্প আঘাত হানলে আহসান মঞ্জিলের ব্যাপক ক্ষয়-ক্ষতি হয়। আহসান মঞ্জিলের দক্ষিণের বারান্দাসহ ইসলামপুর রোড সংলগ্ন নহবত খানাটি সম্পূর্ণ ভেঙ্গে পড়ে, পরবর্তীকালে নবাব আহসানুল্লাহ তা পুনঃনির্মাণ করেন।",১৮৯৭ সালের ভূমিকম্পে ক্ষতিগ্রস্ত অংশ কে পুনঃনির্মাণ করেন?,নবাব আহসানুল্লাহ,correct,none,hard,
train_0896,has_context,"কলেজের প্রথম অধ্যক্ষ ছিলেন হরগোবিন্দ সেন, যিনি রাজশাহী জিলা স্কুলের প্রধান শিক্ষক ছিলেন। তিনি পাঁচ বছর (১৮৭৩-১৮৭৮) এই কলেজের অধ্যক্ষ্যের দায়িত্বে ছিলেন। ১৮৭৫ সালে প্রথম ব্যাচের এফ.এ পরীক্ষায় উপস্থিত ছাত্রদের মধ্যে মাত্র দুইজন পাশ করে। সরকার কলেজটি উঠিয়ে দিতে চেয়েছিল কিন্তু রাজশাহী এসোসিয়েশন এর শক্ত প্রচেষ্টায় এই কলেজকে আপগ্রেড করে বি.এ. কোর্স প্রবর্তনের কার্যক্রম হাতে নেয়া হয়। রাজশাহী এসোসিয়েশন প্রতিষ্ঠাতা সভাপতি দিঘাপতিয়ার রাজা প্রমথনাথ রায় বাহাদুর রাজশাহী কলেজে ডিগ্রি কোর্স প্রবর্তনের জন্য রাজশাহী এসোসিয়েশন এর মাধ্যমে সরকারকে ১৫০,০০০ টাকা দেন। কলেজ অক্টোবর ১৮৭৭ সালে ডিগ্রী প্রোগ্রামের অনুমোদন পায় এবং ১৮৭৮ সালে বি.এ. কোর্স চালু হয়। এফ. টি. ডাওডিং ১৮৭৯ সালে অধ্যক্ষ হিসেবে যোগ দেন।[4]",পাঠ্যাংশ অনুসারে “কোর্স প্রবর্তনের কার্যক্রম হাতে নেয়া” সম্পর্কিত উত্তর দিন।,কোর্স প্রবর্তনের কার্যক্রম হাতে নেয়া হয়।,correct,none,hard,
train_0897,has_context,বেইজিংয়ের বাবাওশানে জ্যেষ্ঠ দলীয় কর্মকর্তাদের জন্য সংরক্ষিত সমাধিক্ষেত্রে তাঁকে সমাহিত করা হয়। কিন্তু তাঁর স্ত্রী লি ঝাও হু’র সমাধির অবস্থান নিয়ে অসন্তুষ্ট হয়েছিলেন।,হু ইয়াওবাং-এর স্ত্রীর নাম কী ?,লি জন্য হু,wrong,,hard,
train_0898,has_context,বাবর মুঘল সাম্রাজ্যের প্রতিষ্ঠা করেন। তিনি ছিলেন মধ্য এশিয়ার তুর্কো-মঙ্গোল বংশোদ্ভূত শাসক। বাবার দিক থেকে তিনি তৈমুর লং ও মায়ের দিক থেকে চেঙ্গিস খানের বংশধর ছিলেন।[19] মধ্য এশিয়া থেকে বিতাড়িত হয়ে বাবর ভারতে ভাগ্য নির্মাণে নিয়োজিত হন। তিনি নিজেকে কাবুলের শাসক হিসেবে প্রতিষ্ঠা করেন এবং আফগানিস্তান থেকে খাইবার পাস হয়ে ভারতে প্রবেশ করেন।[19] পানিপথের যুদ্ধে বিজয়ের পর বাবরের সেনাবাহিনী উত্তর ভারতের অধিকাংশ এলাকা জয় করে নেয়।[19] তবে শাসন পাকাপোক্ত করতে অনেক সময় লেগে যায়।[19] অস্থিতিশীলতা তার ছেলে হুমায়ুনের সময়ও ছড়িয়ে পড়ে। হুমায়ুন দিগ্বিজয়ী সেনাপতি শেরশাহ কর্তৃক ক্ষমতাচ্যুত হয়ে ভারত থেকে পারস্যে পালিয়ে যান।[19] হুমায়ুনের সাথে পারস্যের সাফাভিদের কূটনৈতিক সম্পর্ক স্থাপিত হয় এবং মুঘল সাম্রাজ্যে পারসীয় সাংস্কৃতিক প্রভাব বৃদ্ধি পেতে থাকে। সাফাভিদের সহায়তায় হুমায়ুন মুঘলদের ক্ষমতা পুনঃপ্রতিষ্ঠা করেন। কিছুকাল পর নিজস্ব গ্রন্থাগারে ঘটা এক দুর্ঘটনায় হুমায়ুনের মৃত্যু হলে[19] তার ছেলে আকবর অপ্রাপ্তবয়স্ক অবস্থায় সিংহাসনে বসেন। আকবরের অভিভাবক বৈরাম খান ভারতে মুঘল সাম্রাজ্যের ভিত্তি মজবুত করতে আকবরের সহায়তা করেছেন।[19],অনুচ্ছেদে “বাবার দিক তিনি তৈমুর লং” প্রসঙ্গে কোন তথ্য উল্লেখ আছে?,বাবার দিক থেকে তিনি তৈমুর লং ও মায়ের দিক থেকে চেঙ্গিস খানের বংশধর ছিলেন না।,wrong,,hard,
train_0899,no_context,,‘প্রতি’ ও ‘ঈক্ষা’ শব্দ দুটির সন্ধিতে কোন শব্দ গঠিত হয়?,প্রতীক্ষা,correct,none,hard,
train_0900,no_context,,সোডিয়াম সালফাইডের জারণে কোন পদার্থ ঋণাত্মক অণুঘটক হিসেবে কাজ করে?,ম্যাঙ্গানিজ ডাই অক্সাইড,wrong,fabricated,easy,
train_0901,has_context,অভ্র কিবোর্ডে স্থির কিবোর্ড বিন্যাস এবং 'অভ্র ফোনেটিক' নামের ফোনেটিক বিন্যাস রয়েছে যা রোমানীকৃত প্রতিবর্ণকরণ ব্যবহারের মাধ্যমে বাংলা টাইপ করার সুবিধা প্রদান করে। উইন্ডোজের জন্য এই সফটওয়ারটির একটি স্ট্যান্ডার্ড ইনস্টলার সংস্করণ এবং বহনযোগ্য সংস্করণ রয়েছে।,অভ্র কিবোর্ডে ইউনিকোড থেকে আনসি রূপান্তরের প্রোগ্রামটির নাম কী?,Unicode to Bijoy Text Converter,correct,none,hard,
train_0902,no_context,,বাংলাদেশের সর্বশেষ সিটি কর্পোরেশন কোনটি?,ময়মনসিংহ,correct,none,easy,
train_0903,has_context,"১৯৪৮ সালের ৭ই নভেম্বর পাকিস্তানের প্রধানমন্ত্রী লিয়াকত আলি খান ঢাকা বিশ্ববিদ্যালয় খেলার মাঠে এক ছাত্রসভায় ভাষণ দেন। ঢাকা বিশ্ববিদ্যালয়ের চতুর্থ-শ্রেণির কর্মচারীদের দাবি-দাওয়া আদায়ের উদ্দেশ্যে ১৯৪৮ সালের ৩রা মার্চ থেকে ধর্মঘট শুরু হয়। বিশ্ববিদ্যালয় কর্তৃপক্ষ ২৭ জন শিক্ষার্থীর বিরুদ্ধে শাস্তিমূলক ব্যবস্থা গ্রহণ করে। শেখ মুজিবুর রহমানকে ১৫ টাকা জরিমানা করা হয়, তিনি জরিমানা না দেওয়ায় বিশ্ববিদ্যালয় থেকে বহিস্কৃত হন।",পাকিস্তানের প্রধানমন্ত্রী লিয়াকত আলি খান ঢাকা বিশ্ববিদ্যালয় মাঠে কবে ভাষণ দেন?,১৯৪৮ সালের ৭ই নভেম্বর,correct,none,hard,
train_0904,has_context,"বিষ্ণু সহস্রনামের ৫৭তম নামটি হল কৃষ্ণ, যার অর্থ, আদি শঙ্করের মতে আনন্দের অস্তিত্ব।[11] কৃষ্ণের একাধিক নাম ও অভিধা রয়েছে। কৃষ্ণের সর্বাধিক প্রচলিত নামদুটি হল গোবিন্দ (গো-অন্বেষক) ও গোপাল (গো-রক্ষাকারী)। এই নামদুটি ব্রজে কৃষ্ণের প্রথম জীবনের সঙ্গে সম্পর্কযুক্ত।[12][13] কোনো কোনো নামের আঞ্চলিক গুরুত্বও রয়েছে। যেমন, জগন্নাথ নামটি। ওড়িশায় এই নামে একটি বিশেষ মূর্তিতে পূজিত হন কৃষ্ণ।[14]",ভগবান শ্রী কৃষ্ণের মোট কয়টি নাম ছিল ?,সহস্র,correct,none,hard,
train_0905,has_context,৫ম শতাব্দীর মাঝামাঝি থেকে ১৩শ শতাব্দীর প্রথম দিকে কনস্টান্টিনোপল ছিল ইউরোপের বৃহত্তম এবং ধনী শহর।,কোন সময়কালে কনস্টান্টিনোপল ইউরোপের বৃহত্তম এবং ধনী শহর ছিল বলে উল্লেখ করা হয়েছে?,৩য় শতাব্দী থেকে ৮ম শতাব্দী,,,,
train_0906,has_context,"১৯৭১ সালের ৭ মার্চ জাতির পিতা বঙ্গবন্ধু শেখ মুজিবুর রহমান ঢাকার রেসকোর্স ময়দানে (বর্তমান শহীদ সোহরাওয়ার্দী উদ্যান) ঐতিহাসিক ভাষণ দেন, যা বাঙালি জাতিকে স্বাধীনতা সংগ্রামের পথ দেখিয়েছিল।",স্বাধীনতার পর মাত্র কত বছরের মধ্যে বঙ্গবন্ধু যুদ্ধবিধ্বস্ত দেশটিকে একটি উন্নয়নশীল দেশে রূপান্তরিত করেছিলেন বলে বক্তব্যে উল্লেখ করা হয়?,সাড়ে তিন বছরের মধ্যে,correct,none,hard,
train_0907,has_context,"নেইমার ডা সিল্ভা জন্মগ্রহণ করেন সাও পাওলো, ব্রাজিলে সিনিয়র নেইমার ডা সিল্ভা এবং নান্দিনি সান্তসের ঘরে। তিনি তাঁর পিতার নামের অনুসারে নাম পান, যিনি একজন প্রাক্তন ফুটবলার এবং পরবর্তীতে নেইমারের পরামর্শক হিসেবে কাজ করেন। নেইমার তাঁর প্রতিভা দেখানো শুরু করার পর থেকেই তাঁর পিতা নেইমারের পরামর্শক হিসেবে কাজ করছেন। নেইমার তাঁর পিতার ভুমিকা সম্পর্কে বলেন, ""আমার পিতা আমার পাশেই থাকেন সেই ছোটবেলা থেকেই এবং তিনি সবকিছুর খেয়াল রাখেন। তিনিই আমার সব সময়ের সঙ্গী এবং আমার পরিবারের অন্যতম একজন। ২০০৩ সালে, নেইমার তাঁর পরিবারের সঙ্গে সাঁও ভিসেন্তে চলে আসেন। সেখানে তিনি যুব পর্তুগিসা সানতিস্তাতে খেলা শুরু করেন। ২০০৩ এর শেষে তাঁরা সান্তসে চলে আসেন। সেখানে নেইমার সান্তস ফুটবল ক্লাবে যোগ দেন।",নেইমার দা সিল্ভা স্যান্তোস জুনিয়র সর্বপ্রথম কোন ফুটবল ক্লাবের হয়ে খেলেন ?,জন্মগ্রহণ সানতিস্তা,wrong,,easy,
train_0908,has_context,পরবর্তীতে এই দুই দল একীভূত হয়ে পাকিস্তান আওয়ামী মুসলিম লীগ গঠন করে এবং হোসেন শহীদ সোহরাওয়ার্দী এর আহবায়ক নিযুক্ত হন।,একীভূত হয়ে গঠিত পাকিস্তান আওয়ামী মুসলিম লীগের আহ্বায়ক কে নিযুক্ত হন?,মাওলানা ভাসানী,wrong,,easy,
train_0909,has_context,"বাংলা ভাষা আন্দোলন তথা রাষ্ট্রভাষা আন্দোলন ১৯৪৭ থেকে ১৯৫৬ পর্যন্ত পাকিস্তানের তৎকালীন প্রদেশ পূর্ববঙ্গে (১৯৫৬ সালের পর পূর্ব পাকিস্তান, বর্তমানে বাংলাদেশ) সংঘটিত একটি সাংস্কৃতিক ও রাজনৈতিক আন্দোলন। ১৯৪৭ সালে দ্বিজাতি তত্ত্বের ভিত্তিতে ব্রিটিশ শাসিত ভারত বিভাজিত হয়ে পাকিস্তান অধিরাজ্য ও ভারত অধিরাজ্যের উদ্ভব হয়।",ভাষা আন্দোলনের সময় পূর্ববঙ্গ কোন দেশের একটি প্রদেশ ছিল?,পাকিস্তানের,correct,none,hard,
train_0910,has_context,"বিশ্বজনীন অবস্থান-নির্ণায়ক ব্যবস্থা, যাকে মূল ইংরেজিতে Global Positioning System (গ্লোবাল পজিশনিং সিস্টেম) ও সংক্ষেপে GPS (জিপিএস) নামে ডাকা হয়, মার্কিন যুক্তরাষ্ট্রের প্রতিরক্ষা মন্ত্রণালয় কর্তৃক ১৯৭০-এর দশকের শুরুর দিকে উদ্ভাবিত একটি প্রযুক্তি।[1] প্রথম দিকে এর প্রয়োগ ছিল পুরোপুরি সামরিক। পরে জনসাধারণের নিমিত্তে এর ব্যবহার উন্মুক্ত করা হয়। এটি একটি কৃত্রিম উপগ্রহভিত্তিক যোগাযোগ ব্যবস্থা। যেকোন আবহাওয়াতে পৃথিবী যেকোনো চলমান অবস্থান আর সময়ের তথ্য সরবরাহ করাটা এর মূল কাজ। জিপিএস এক ধরনের একমুখী ব্যবস্থা কারণ ব্যবহারকারীগণ উপগ্রহ প্রেরিত সঙ্কেত শুধুমাত্র গ্রহণ করতে পারে।",বিশ্বজনীন অবস্থান-নির্ণায়ক ব্যবস্থা প্রথম কোথায় চালু হয় ?,১৯৭০-এর দশকের শুরুর দিকে,wrong,,easy,
train_0911,has_context,বাবর মুঘল সাম্রাজ্যের প্রতিষ্ঠা করেন। তিনি ছিলেন মধ্য এশিয়ার তুর্কো-মঙ্গোল বংশোদ্ভূত শাসক। বাবার দিক থেকে তিনি তৈমুর লং ও মায়ের দিক থেকে চেঙ্গিস খানের বংশধর ছিলেন।[19] মধ্য এশিয়া থেকে বিতাড়িত হয়ে বাবর ভারতে ভাগ্য নির্মাণে নিয়োজিত হন। তিনি নিজেকে কাবুলের শাসক হিসেবে প্রতিষ্ঠা করেন এবং আফগানিস্তান থেকে খাইবার পাস হয়ে ভারতে প্রবেশ করেন।[19] পানিপথের যুদ্ধে বিজয়ের পর বাবরের সেনাবাহিনী উত্তর ভারতের অধিকাংশ এলাকা জয় করে নেয়।[19] তবে শাসন পাকাপোক্ত করতে অনেক সময় লেগে যায়।[19] অস্থিতিশীলতা তার ছেলে হুমায়ুনের সময়ও ছড়িয়ে পড়ে। হুমায়ুন দিগ্বিজয়ী সেনাপতি শেরশাহ কর্তৃক ক্ষমতাচ্যুত হয়ে ভারত থেকে পারস্যে পালিয়ে যান।[19] হুমায়ুনের সাথে পারস্যের সাফাভিদের কূটনৈতিক সম্পর্ক স্থাপিত হয় এবং মুঘল সাম্রাজ্যে পারসীয় সাংস্কৃতিক প্রভাব বৃদ্ধি পেতে থাকে। সাফাভিদের সহায়তায় হুমায়ুন মুঘলদের ক্ষমতা পুনঃপ্রতিষ্ঠা করেন। কিছুকাল পর নিজস্ব গ্রন্থাগারে ঘটা এক দুর্ঘটনায় হুমায়ুনের মৃত্যু হলে[19] তার ছেলে আকবর অপ্রাপ্তবয়স্ক অবস্থায় সিংহাসনে বসেন। আকবরের অভিভাবক বৈরাম খান ভারতে মুঘল সাম্রাজ্যের ভিত্তি মজবুত করতে আকবরের সহায়তা করেছেন।[19],মুঘল বা মোগল সাম্রাজ্যের প্রতিষ্ঠাতা কে ?,বাবর,correct,none,easy,
train_0912,has_context,"ব্রাহ্ম সভা হিন্দুধর্ম সংস্কারক রাজা রামমোহন রায় (১৭৭২-১৮৩৩) কর্তৃক ১৮২৮ সালের আগস্ট মাসে প্রতিষ্ঠিত হয়, যা পরবর্তীতে ব্রাহ্ম সমাজ নামে পরিচিত হয়।",দেবেন্দ্রনাথ ঠাকুর কার পুত্র ছিলেন?,দ্বারকানাথ ঠাকুরের,correct,none,hard,
train_0913,has_context,জাতীয় সংসদ ভবন বাংলাদেশের জাতীয় সংসদের প্রধান ভবন। এটি ঢাকার শেরে বাংলা নগর এলাকায় অবস্থিত। প্রখ্যাত মার্কিন স্থপতি লুই আই. কান এটির মূল স্থপতি। তৎকালীন পাকিস্তান সরকার পূর্ব ও পশ্চিম পাকিস্তানের জন্য আইনসভার ভবন হিসেবে জাতীয় সংসদ ভবনের নির্মাণ শুরু করে ১৯৬১ সালে। ১৯৮২ সালের ২৮শে জানুয়ারি নির্মাণ কাজ সম্পন্ন হওয়ার পর একই বছরের ১৫ই ফেব্রুয়ারি বাংলাদেশের দ্বিতীয় সংসদের অষ্টম (এবং শেষ) অধিবেশনে প্রথম সংসদ ভবন ব্যবহৃত হয়।,জাতীয় সংসদ ভবনের নির্মাণ কাজ কবে সম্পন্ন হয়?,১৯৮২ সালের ২৮শে জানুয়ারি,correct,none,hard,
train_0914,has_context,প্রথম টেস্টে অস্ট্রেলিয়ার প্রথম ইনিংসে উইকেটরক্ষক হিল্ডা হিলস নাক ভেঙে ২ রানে আহত হয়ে মাঠ ছাড়েন। এরপর হিলস আর ম্যাচে অংশ নেননি এবং তার পরিবর্তে হ্যাজেল প্রিচার্ড উইকেটরক্ষকের দায়িত্ব নেন। ম্যাকল্যাগান ৭২ রান করার পর পঞ্চম নারী ব্যাটসম্যান হিসেবে আউট হন।,প্রথম টেস্টে ইংল্যান্ড কত ওভারে অস্ট্রেলিয়াকে অলআউট করে?,"নির্দিষ্ট ওভার উল্লেখ নেই, তবে ৫০ রানে অলআউট হয়",wrong,numeric,hard,
train_0915,no_context,,"""গায়ে পড়া"" এর ভাবার্থ কী?",মাথা কাটা যাওয়া,wrong,fabricated,easy,
train_0916,no_context,,যিশুর কাছে ৬৭৬ টি কলম রয়েছে। আলিয়া যিশুর কাছ থেকে ২২০ টি কলম কিনেছে। যিশুর কাছে এখন কতগুলি কলম রয়েছে?,463,wrong,fabricated,hard,
train_0917,no_context,,'অচিন' শব্দের 'অ' উপসর্গটি কোন অর্থে ব্যবহৃত?,নঞর্থক,correct,none,easy,
train_0918,has_context,'শোকানল' শব্দটির ব্যাসবাক্য হলো: শোক রূপ অনল।,"ব্যাসবাক্য অনুযায়ী, 'শোকানল' শব্দটি কোন সমাসের উদাহরণ?",উপমান কর্মধারয়,wrong,,hard,
train_0919,has_context,আবু বকর ৫৭৩ সালের দিকে মক্কার কুরাইশ বংশের বনু তাইম গোত্রে জন্মগ্রহণ করেছেন।[6] তার বাবার নাম আবু কুহাফা ও মায়ের নাম সালমা বিনতে সাখার।,ইসলামের প্রথম খলিফা আবু বকর কবে জন্মগ্রহণ করেন ?,আবু বকর ৫৭৩ সালের দিকে মক্কার কুরাইশ বংশের বনু তাইম গোত্রে জন্মগ্রহণ করেছেন।,correct,none,easy,
train_0920,has_context,"জেল হত্যা দিবস আওয়ামী লীগসহ বাংলাদেশের বেশ কিছু রাজনৈতিক দল কর্তৃক প্রতি বছর ৩রা নভেম্বর পালিত হয়। ১৯৭৫ সালের এই দিনে আওয়ামী লীগের চারজন জাতীয় নেতাঃ সাবেক উপরাষ্ট্রপতি সৈয়দ নজরুল ইসলাম, সাবেক বাংলাদেশী প্রধানমন্ত্রী তাজউদ্দীন আহমদ, ক্যাপ্টেন মনসুর আলী এবং সাবেক স্বরাষ্ট্রমন্ত্রী আবুল হাসনাত মোহাম্মদ কামারুজ্জামান হত্যাকাণ্ডের স্মৃতি স্বরণার্থে এ দিবস পালন করা হয়।[1][2]",পাঠ্যাংশ থেকে “১৯৭৫ সালের দিনে আওয়ামী লীগের” সম্পর্কিত সঠিক তথ্যটি লিখুন।,"১৯৭৬ সালের এই দিনে আওয়ামী লীগের চারজন জাতীয় নেতাঃ সাবেক উপরাষ্ট্রপতি সৈয়দ নজরুল ইসলাম, সাবেক বাংলাদেশী প্রধানমন্ত্রী তাজউদ্দীন আহমদ, ক্যাপ্টেন মনসুর আলী এবং সাবেক স্বরাষ্ট্রমন্ত্রী আবুল হাসনাত মোহাম্মদ কামারুজ্জামান হত্যাকাণ্ডের স্মৃতি স্বরণার্থে এ দিবস পালন করা হয়।",wrong,numeric,hard,
train_0921,has_context,"আসফাকউল্লা ১৯০০ সালের ২২ অক্টোবর জন্মগ্রহণ করেন উত্তর প্রদেশের শাহজাহানপুরে। তাঁর পিতা, শফিক উল্লা খান পাঠান পরিবারের মানুষ ছিলেন এবং তাঁর পরিবার সামরিক দিক দিয়ে বিখ্যাত ছিলো। তাঁর মায়ের দিক থেকে পরিবারটি ছিলো অধিক শিক্ষিত এবং অনেক আত্মীয় ব্রিটিশ ভারতের পুলিশ এবং প্রশাসনিক দায়িত্ব পালন করেছেন। তাঁর মা মাজহুর-উন-নিসা ছিলেন একজন ধার্মিক নারী। আশফাকউল্লা ছিলেন চার ভায়ের ভেতরে সবচেয়ে ছোট ছেলে। তাঁর বড় ভাই রিয়াসাত উল্লাহ খান ছিলেন পণ্ডিত রামপ্রসাদ বিসমিলের সহপাঠী। যখন মইনপুর ষড়যন্ত্রে বিসমিলকে অভিযুক্ত করা হয়, রিয়াসাত তাঁর ছোট ভাই আশফাককে বিসমিলের উর্দু শায়ের কবিতার শক্তি ও সাহস সম্পর্কে বলেছিলেন। তারপর থেকেই আশফাক বিসমিলের সাথে তাঁর কবিতার দৃষ্টিভঙ্গির জন্য সাক্ষাতে আগ্রহী ছিলেন। ১৯২০ সালে, যখন বিসমিল শাহজাহানপুরে আসেন এবং ব্যবসায় নিজেকে যুক্ত করেন, আশফাক বহুবার বিসমিলের সাথে সাক্ষাতের চেষ্টা করেন কিন্তু বিসমিল কোনো মনোযোগ দেননি।",পাঠ্যাংশ থেকে “যখন মইনপুর ষড়যন্ত্রে বিসমিলকে অভিযুক্ত” সম্পর্কিত সঠিক তথ্যটি লিখুন।,"যখন মইনপুর ষড়যন্ত্রে বিসমিলকে অভিযুক্ত করা হয়, রিয়াসাত তাঁর ছোট ভাই আশফাককে বিসমিলের উর্দু শায়ের কবিতার শক্তি ও সাহস সম্পর্কে বলেছিলেন।",correct,none,hard,
train_0922,has_context,"ভাওয়াল এস্টেটের সর্বশেষ ক্ষমতাবান জমিদার ছিলেন রাজা রাজেন্দ্রনারায়ণ রায়চৌধুরী। কালীপ্রসন্ন ঘোষ ছিলেন তাঁর দীউয়ান। উল্লেখ্য যে, কালীপ্রসন্ন ঘোষ ঊনবিংশ শতাব্দীর একজন খ্যাতিমান লেখক ছিলেন। রাজেন্দ্রনারায়ণ রায়চৌধুরীর ছিল তিন পুত্রসন্তান। তাঁরা হলেন রণেন্দ্রনারায়ণ রায়চৌধুরী, রমেন্দ্রনারায়ণ রায়চৌধুরী এবং রবীন্দ্রনারায়ণ রায়চৌধুরী। ১৯০১ সালে রাজেন্দ্রনারায়ণের মৃত্যু হয়। এই সময় তাঁর তিনপুত্র সন্তানই ছিলেন নাবালক। সে কারণে জমিদারিটি একবার ১৯০১ সালে এবং আর একবার ১৯০৪ সালে কোর্ট অব ওয়ার্ডসের অধীনে চলে যায়। রাজেন্দ্রনারায়ণের তিন পুত্র সন্তানকেই একজন ইউরোপীয় গৃহ-শিক্ষক লেখাপড়া শেখাতেন। তাঁর বক্তব্য অনুযায়ী, তিন পুত্রই ছিলেন অজ্ঞ ও ইন্দ্রিয়পরায়ণ, লেখাপড়া ও নৈতিক শিক্ষার প্রতি অত্যন্ত অমনোযোগী। একবার দ্বিতীয় পুত্র রমেন্দ্রনারায়ণ চিকিৎসার জন্য দার্জিলিং গমন করেন। সেখানে তাঁকে মৃত বলে ঘোষণা করা হয় এবং যথারীতি দাহ করা হয় বলেও দাবী করা হয়। অপর দুই পুত্রও খুব অল্প সময়ের মধ্যেই মৃত্যুবরণ করেন এবং পরিবারটি পুত্র সন্তানবিহীন অবস্থায় নিঃশেষ হয়ে যাওয়ার উপক্রম হয়। কিন্তু প্রকৃতপক্ষে দ্বিতীয় পুত্র সন্তানটি নিখোঁজ হয়ে গিয়েছিলেন এবং তিনি বহুদিন যাবৎ সন্ন্যাসী হিসেবে জীবন যাপন করেন। পরিশেষে ১৯২০ সালের শেষের দিকে তিনি নাটকীয়ভাবে দারুণ সাড়া জাগিয়ে প্রায় ১২ বছর পর ঢাকায় এসে উপস্থিত হন এবং তার জমিদারি দাবি করেন। এভাবেই ১৯৩৫ সালে শুরু হয় বিখ্যাত ভাওয়াল সন্ন্যাসী মামলা, যা সমগ্র বাংলায়, এমনকি বাংলার বাইরেও প্রায় এক যুগ ধরে খবরের কাগজে সংবাদ এবং নানা ধরনের গল্প গুজবের প্রধান উপাদান হয়ে থাকে। এমনকি ঘটনাটি সারা ভারতবর্ষে বিভিন্ন ভাষায় সাহিত্য, নাটক এবং সিনেমারও বিষয়বস্তু হয়। ভাওয়াল সন্ন্যাসী মামলার পরে জমিদারির উত্তরাধিকারের বিষয়টি শেষ পর্যন্ত জটিল হয়ে পড়ে এবং ফলে এর ব্যবস্থাপনা ১৯৫১ সালে জমিদারি প্রথা বাতিল না হওয়া পর্যন্ত কোর্ট অব ওয়ার্ডসের অধীনেই থেকে যায়। যেহেতু উত্তরাধিকারী নিয়ে বহু জটিলতা ছিল এবং জমিদারি সংক্রান্ত বহু মামলাও অমীমাংসিত ছিল, সে কারণে জমিদারি প্রথা বিলুপ্ত ঘোষণার পরেও এর বিষয়-সম্পত্তি বা দায়-দায়িত্ব যথাযথভাবে বণ্টন করা সম্ভব হয় নি। ফলে পাকিস্তান আমলেও জমিদারিটি কোর্ট অব ওয়ার্ডসের অধীনেই থাকে। বর্তমানে ভাওয়াল এস্টেটের কর্মক",ভাওয়াল সন্ন্যাসী মামলা কবে শেষ হয় ?,১৯৫২ সালে,wrong,numeric,hard,
train_0923,no_context,,সুইচিং সার্কিট তত্ত্ব নিয়ে গবেষণা করেন কোন জাপানি ইঞ্জিনিয়ার?,কালীনাথ মুখোপাধ্যায়,wrong,fabricated,easy,
train_0924,has_context,তবে খেলাধুলার প্রতি তার ভালবাসায় বাধ সাধল পড়াশুনো এবং তার মা ক্রিকেট বা কোনও খেলাধুলা পেশা হিসাবে গ্রহণের পক্ষে সৌরভকে খুব একটা সমর্থন করেননি।,সৌরভের মা কিসের পক্ষে তাকে সমর্থন করেননি?,ক্রিকেট বা কোনো খেলাধুলাকে পেশা হিসেবে গ্রহণের পক্ষে।,correct,none,easy,
train_0925,no_context,,भारतीय লেখক আর. কে. নারায়ণের কাল্পনিক শহরের নাম কী?,মালগুড়ি,correct,none,easy,
train_0926,no_context,,স্প্যানিশ গৃহযুদ্ধ নিয়ে হেমিংওয়ের বিখ্যাত উপন্যাসের নাম কী?,ফর হুম দ্য বেল টোলস,correct,none,easy,
train_0927,no_context,,'বিষবৃক্ষ' উপন্যাসের রচয়িতা কে?,বঙ্কিমচন্দ্র চট্টোপাধ্যায়,correct,none,easy,
train_0928,no_context,,"""বেলা ফুরানো"" এর শাব্দিক অর্থ কী?",অন্যের স্ত্রী বা স্বামীর প্রতি প্রেম,wrong,fabricated,easy,
train_0929,no_context,,সংবিধানের কোন অনুচ্ছেদ অনুযায়ী গ্রেফতারকৃত ব্যক্তিকে গ্রেফতারের ২৪ ঘণ্টার মধ্যে নিকটস্থ ম্যাজিস্ট্রেটের সামনে হাজির করতে হবে?,অনুচ্ছেদ ৩৩,correct,none,hard,
train_0930,has_context,কবি জীবনানন্দ দাশের পিতা ছিলেন সত্যানন্দ দাশ এবং মাতা ছিলেন কবি কুসুমকুমারী দাশ।,জীবনানন্দ দাশের বাবার নাম কী ?,সত্যানন্দ দাশ।,correct,none,hard,
train_0931,has_context,ভারতীয় উপমহাদেশে সাংবিধানিক ধারার বিকাশ ঘটে ১৭৭৩ সালের রেগুলেটিং অ্যাক্ট পাসের মধ্য দিয়ে এবং ক্রমান্বয়ে তা পরিবর্তিত হতে থাকে ১৯৩৫ সালের ভারত শাসন আইন পর্যন্ত।,"ভারত শাসন আইন, ১৯১৯ অনুযায়ী প্রদেশে কোন ধরনের শাসনব্যবস্থা প্রবর্তিত হয়?",একক কেন্দ্রীয় শাসন,wrong,,easy,
train_0932,no_context,,‘উদ্’ ও ‘তেজনা’ শব্দ দুটির সন্ধিতে কোন শব্দ গঠিত হয়?,উদ্তেজনা,wrong,fabricated,hard,
train_0933,has_context,"মমতা বন্দ্যোপাধ্যায় (জন্ম ৫ জানুয়ারি, ১৯৫৫) পশ্চিমবঙ্গের বর্তমান মুখ্যমন্ত্রী এবং সর্বভারতীয় তৃণমূল কংগ্রেসের প্রতিষ্ঠাতা-সভানেত্রী।[1][2][3] বর্তমানে তিনি পশ্চিমবঙ্গ সরকারের স্বরাষ্ট্র, স্বাস্থ্য ও পরিবার পরিকল্পনা, ভূমি ও ভূমিসংস্কার, তথ্য ও সংস্কৃতি, পর্বতাঞ্চল বিষয়ক, কৃষি, বিদ্যুৎ, কর্মী ও প্রশাসনিক সংস্কার, সংখ্যালঘু কল্যাণ ও মাদ্রাসা শিক্ষা বিভাগেরও ভারপ্রাপ্ত মন্ত্রী।[4] তিনি পশ্চিমবঙ্গের প্রথম মহিলা মুখ্যমন্ত্রী।[5] মমতা বন্দ্যোপাধ্যায় একজন বাগ্মী রাজনীতিবিদ। তিনি তাঁর অনুগামীদের কাছে ""দিদি"" নামে পরিচিত। ২০১১ সালে তাঁর নেতৃত্বে তৃণমূল কংগ্রেস পশ্চিমবঙ্গের ৩৪ বছরের বামফ্রন্ট সরকারকে পরাজিত করতে সক্ষম হয়েছিল। এই সরকার বিশ্বে সবচেয়ে বেশি সময় গণতান্ত্রিক উপায়ে রাজত্বকারী কমিউনিস্ট সরকার ছিল।[6][7][8] ভারতীয় প্রজাতন্ত্রের কেন্দ্রীয় ক্যাবিনেটে তিনি দুই বার রেল, এক বার কয়লা মন্ত্রকের এবং এক বার মানবসম্পদ উন্নয়ন, যুব, ক্রীড়া, নারী ও শিশুকল্যাণ বিভাগের রাষ্ট্রমন্ত্রীর দায়িত্ব সামলেছেন।[9] তিনি পশ্চিমবঙ্গে কৃষকদের জমি বলপূর্বক অধিগ্রহণ করে বিশেষ অর্থনৈতিক অঞ্চল স্থাপনের বিরোধিতা করে আন্দোলন করেছিলেন।[1][8]",পশ্চিমবঙ্গের প্রথম মহিলা মুখ্যমন্ত্রীর নাম কী ?,মমতা বন্দ্যোপাধ্যায়,correct,none,easy,
train_0934,has_context,"জুলাই মাসে সাকিব পূর্ব-নির্ধারিত চুক্তি অনুযায়ী ইংল্যান্ডের সেকেন্ড ডিভিশন কাউন্টি দল ওরচেস্টারশায়ারে যোগ দেন। সাকিবই প্রথম বাংলাদেশী যিনি কাউন্টিতে খেলার সুযোগ পেয়েছেন। এ দলের পক্ষেই সাকিব করেন তার ফার্স্টক্লাস ক্যারিয়ারের সেরা বোলিং (৩২/৭, মিডলসেক্সের বিরুদ্ধে)।",সাকিবের ফার্স্টক্লাস ক্যারিয়ারের সেরা বোলিং পরিসংখ্যান কত এবং কার বিরুদ্ধে?,"৩৫/৭, মিডলসেক্সের বিরুদ্ধে",wrong,numeric,hard,
train_0935,no_context,,'কদাচিৎ' শব্দের বিপরীতার্থক শব্দ-,প্রায়শ,,,,
train_0936,no_context,,"""বারোমাসে তেরো পার্বণ"" এর ভাবার্থ কী?",অন্যের তোয়াক্কা না করে নিজের খেয়ালখুশি মতো চলা,,,,
train_0937,no_context,,এই আইনের সাথে সম্পর্কহীন অন্য কোনো বিষয়ে আপনি কি নিশ্চিত তথ্য দিতে পারবেন?,"হ্যাঁ, প্রাসঙ্গিক তথ্য 'সাধারণ বিধান আইন, ২০০৩' এর ৭ নং উপধারায় স্পষ্টভাবে দেওয়া আছে।",wrong,fabricated,easy,
train_0938,no_context,,"""বড়ো হওয়া"" এর ভাবার্থ কী?",অপব্যবহার,,,,
train_0939,no_context,,আইবিএম কোম্পানির পার্সোনাল কম্পিউটার (পিসি) কোন সালে বাজারে আসে?,১৯৭৫ সালে,wrong,fabricated,hard,
train_0940,no_context,,"গালিব তার বোন তৃষাকে বেশ কয়েকবার টাকা ধার দিয়েছেন। গালিব তার বোনের সমস্ত ঋণ একটি খাতায় লিখে রাখে, প্রথমবার যখন সে তাকে ৳৪০ ধার দেয়। এক সপ্তাহ পরে, তৃষাকে তাকে তার ঋণের অর্ধেক ফেরত দেয়। কিছু দিন পরে তিনি তার কাছে আরও ১০ টাকা চেয়েছিলেন। তৃষা এখনও গালিবের কাছে কত টাকা ঋণী?",২৯,wrong,fabricated,easy,
train_0941,has_context,"রাষ্ট্র ও সমাজে সুশাসন প্রতিষ্ঠা, দুর্নীতি প্রতিরোধ এবং সততা ও নৈতিকতা চর্চাকে উৎসাহিত করতে এই কৌশলটি প্রণয়ন করা হয়",জাতীয় শুদ্ধাচার কৌশল প্রণয়নের মূল উদ্দেশ্য কী ছিল?,বৈদেশিক বিনিয়োগ বৃদ্ধি ও রপ্তানি সম্প্রসারণ,wrong,,easy,
train_0942,has_context,"গ্রহের খনিজ সম্পদ ও জৈব সম্পদ উভয়ই মানবজাতির জীবনধারণের জন্য অপরিহার্য। এই গ্রহের অধিবাসীরা প্রায় ২০০টি স্বাধীন সার্বভৌম রাষ্ট্রে সমগ্র গ্রহটিকে বিভক্ত করে বসবাস করছে। এই সকল রাষ্ট্রের মধ্যে পারস্পরিক কূটনৈতিক, পর্যটন, বাণিজ্যিক ও সামরিক সম্পর্ক বিদ্যমান। মানব সংস্কৃতি গ্রহ সম্পর্কে বিভিন্ন ধারণার জন্মদাতা। এই সব ধারণার মধ্যে রয়েছে পৃথিবীকে দেবতা রূপে কল্পনা, সমতল বিশ্ব কল্পনা এবং পৃথিবীকে মহাবিশ্বের কেন্দ্ররূপে কল্পনা। এছাড়া একটি সুসংহত পরিবেশ রূপে বিশ্বকে কল্পনা করার আধুনিক প্রবণতাও লক্ষিত হয়। এই ধারণাটি বর্তমানে প্রাধান্য অর্জন করেছে।",পৃথিবীতে বর্তমানে মোট কয়টি দেশ রয়েছে ?,২০০,correct,none,hard,
train_0943,has_context,সুপরিবাহীতে ভ্যালেন্স ব্যান্ড ও কন্ডাকশন ব্যান্ড পরস্পর ওভারল্যাপ করে; ফলে ইলেকট্রন সহজে চলাচল করতে পারে এবং নিষিদ্ধ শক্তি-ফাঁক কার্যত শূন্য।,সুপরিবাহী পদার্থে valence band এবং conduction band –,ওভারল্যাপ করে।,correct,none,easy,
train_0944,has_context,"পূর্ণিমার চলচ্চিত্রে আগমন জাকির হোসেন রাজু পরিচালিত এ জীবন তোমার আমার দিয়ে। চলচ্চিত্রটি মুক্তি পায় ১৯৯৭ সালে, তখন তিনি ক্লাস নাইনে পড়তেন। ২০০৩ সালে মুক্তি পায় তার সব থেকে সফল ছবি মতিউর রহমান পানু পরিচালিত মনের মাঝে তুমি। এটি বাংলাদেশ-ভারতের যৌথ প্রযোজনায় বাংলাদেশের সবথেকে সফল ছবির মধ্যে অন্যতম।[5] ২০০৪ সালে রাবেয়া খাতুনের উপন্যাস মেঘের পরে মেঘ অবলম্বনে চাষী নজরুল ইসলাম পরিচালিত মুক্তিযুদ্ধভিত্তিক ছায়াছবি মেঘের পরে মেঘ ছবিতে অভিনয় করেন।[6] এছাড়া কাজী নজরুল ইসলামের গল্প রাক্ষুসী নিয়ে নির্মিত চলচ্চিত্র রাক্ষুসী</i>তেও অন্যতম কেন্দ্রীয় চরিত্রে অভিনয় করেছেন। ২০০৫ সালে বিশ্বকবি রবীন্দ্রনাথ ঠাকুরের শাস্তি গল্প অবলম্বনে নির্মিত শাস্তি চলচ্চিত্র চন্দরা চরিত্রে অভিনয় করেন।[7]",অনুচ্ছেদের আলোকে “২০০৫ বিশ্বকবি রবীন্দ্রনাথ ঠাকুরের শাস্তি” বিষয়ে প্রাসঙ্গিক তথ্যটি কী?,২০০৬ সালে বিশ্বকবি রবীন্দ্রনাথ ঠাকুরের শাস্তি গল্প অবলম্বনে নির্মিত শাস্তি চলচ্চিত্র চন্দরা চরিত্রে অভিনয় করেন।,,,,
train_0945,has_context,ভারতীয় উপমহাদেশে সাংবিধানিক ধারার বিকাশ ঘটে ১৭৭৩ সালের রেগুলেটিং অ্যাক্ট পাসের মধ্য দিয়ে এবং ক্রমান্বয়ে তা পরিবর্তিত হতে থাকে ১৯৩৫ সালের ভারত শাসন আইন পর্যন্ত।,উনিশ শতকের সত্তর ও আশির দশকে ভারতীয়দের মধ্যে কী ধরনের চেতনার উন্মেষ ঘটে?,সম্পূর্ণ রাজনৈতিক উদাসীনতা,wrong,,hard,
train_0946,no_context,,‘প্রশ্ন’ ও ‘উত্তর’ শব্দ দুটির সন্ধিতে কোন শব্দ গঠিত হয়?,প্রশ্নউত্তর,,,,
train_0947,no_context,,'কৃষ্ঞকায়' শব্দের বিপরীতার্থক শব্দ-,শ্বেতকায়,correct,none,easy,
train_0948,has_context,'সত্যবাদী' শব্দটির ব্যাসবাক্য হলো: সত্য কথা বলে যে।,"ব্যাসবাক্য অনুযায়ী, 'সত্যবাদী' শব্দটি কোন সমাসের উদাহরণ?",ষষ্ঠী তৎপুরুষ,wrong,,hard,
train_0949,has_context,"মুক্তিযুদ্ধ জাদুঘরের প্রাথমিক উদ্দেশ্য হচ্ছে, ইতিহাসের স্মারক সংগ্রহ ও সংরক্ষণ করে যথাযথভাবে উপস্থাপন। এর বিশেষ লক্ষ্য নতুন প্রজন্মকে স্বাধীনতার ইতিহাস বিষয়ে সচেতন করে তোলা। আউটরিচ কর্মসূচির যাত্রা সূচিত হয় ১৯৯৭ সালে। আউটরিচ কর্মসূচিতে অংশগ্রহণকারী শিক্ষাপ্রতিষ্ঠান ৫০১টি, শিক্ষার্থী ১,২২,০২১ জন (ডিসেম্বর ২০১০)।",মুক্তিযুদ্ধ জাদুঘরের আউটরিচ কর্মসূচি কবে শুরু হয়?,১৯৯৭ সালে,correct,none,hard,
train_0950,has_context,"রোজমেরি অ্যান আসকিন (জন্ম ১৯৪৯), যিনি রোজমেরি আসকিন কুলি নামেও পরিচিত, একজন নিউজিল্যান্ডীয় ভূতত্ত্ববিদ যিনি অ্যান্টার্কটিক পরাগবিজ্ঞানে (পালিনোলজি) বিশেষজ্ঞ। তিনি অ্যান্টার্কটিক বিজ্ঞানে নারীদের জন্য অগ্রপথিক ছিলেন এবং ১৯৭০ সালে অ্যান্টার্কটিকায় নিজের গবেষণা কার্যক্রম পরিচালনা করা প্রথম নিউজিল্যান্ডীয় নারী হিসেবে পরিচিতি লাভ করেন।",প্রদত্ত তথ্য অনুযায়ী “রোজমেরি অ্যান আসকিন জন্ম ১৯৪৯” সম্পর্কে কী জানা যায়?,"রোজমেরি অ্যান আসকিন (জন্ম ১৯৫০), যিনি রোজমেরি আসকিন কুলি নামেও পরিচিত, একজন নিউজিল্যান্ডীয় ভূতত্ত্ববিদ যিনি অ্যান্টার্কটিক পরাগবিজ্ঞানে (পালিনোলজি) বিশেষজ্ঞ।",,,,
train_0951,no_context,,'পরিশোধিত' শব্দের শুদ্ধ বিপরীত শব্দ কোনটি?,নৈতিকতা,wrong,fabricated,easy,
train_0952,no_context,,ব-দ্বীপ পরিকল্পনা ২১০০-এ কয়টি ভৌগোলিক হটস্পট নির্ধারণ করা হয়েছে?,৮,wrong,fabricated,easy,
train_0953,has_context,"ম্যাসিডনের তৃতীয় আলেকজান্ডার (২৩ অথবা ২৯ জুলাই ৩৫৬ খ্রিষ্টপূর্বাব্দ – ১০ অথবা ১১ জুন ৩২৩ খ্রিষ্টপূর্বাব্দ), যিনি মহান আলেকজান্ডার (Greek: Ἀλέξανδρος ὁ Μέγας, আলেক্সান্দ্রোস হো মেগাস; Koine Greek:[a.lék.san.dros ho mé.gas]iii[›]) নামে জগদ্বিখ্যাত, ছিলেন ম্যাসিডন নামক প্রাচীন গ্রিক রাজ্য[1][2][3][4][5][6][7][8][9][10][11][12][13][14][15][16][17][18][19] শাসনকারী আর্গিয়াদ রাজবংশের একজন রাজা। ৩৫৬ খ্রিস্টপূর্বাব্দে পেল্লা নামক স্থানে জন্মগ্রহণ করে আলেকজান্ডার মাত্র কুড়ি বছর বয়সে তার পিতা দ্বিতীয় ফিলিপের স্থলাভিষিক্ত হন। তার শাসনকালের অধিকাংশ সময় তিনি উত্তর-পূর্ব আফ্রিকা ও পশ্চিম এশিয়া জুড়ে সামরিক অভিযান পরিচালনা করেন এবং ত্রিশ বছর বয়সের মধ্যে তিনি মিশর থেকে উত্তর পশ্চিম ভারত পর্য্যন্ত প্রাচীন বিশ্বের বৃহত্তম সাম্রাজ্যগুলির মধ্যে অন্যতম একটি সাম্রাজ্য প্রতিষ্ঠা করেন।[20] এই অপরাজেয় সমরবিদ ইতিহাসের অন্যতম সফল সেনানায়ক হিসেবে পরিগণিত হন।[21]",অনুচ্ছেদের আলোকে “ম্যাসিডনের তৃতীয় আলেকজান্ডার ২৩ অথবা” বিষয়ে প্রাসঙ্গিক তথ্যটি কী?,"ম্যাসিডনের তৃতীয় আলেকজান্ডার (২৪ অথবা ২৯ জুলাই ৩৫৬ খ্রিষ্টপূর্বাব্দ – ১০ অথবা ১১ জুন ৩২৩ খ্রিষ্টপূর্বাব্দ), যিনি মহান আলেকজান্ডার (Greek: Ἀλέξανδρος ὁ Μέγας, আলেক্সান্দ্রোস হো মেগাস; Koine Greek: iii ) নামে জগদ্বিখ্যাত, ছিলেন ম্যাসিডন নামক প্রাচীন গ্রিক রাজ্য শাসনকারী আর্গিয়াদ রাজবংশের একজন রাজা।",wrong,numeric,hard,
train_0954,no_context,,"""শিক্ষায় মন সংস্কারমুক্ত হয়ে থাকে।"" ্ত কোন ধরনের ক্রিয়া?",যৌগিক ক্রিয়া,correct,none,hard,
train_0955,no_context,,"""চড়ুকে হাসি"" এর ভাবার্থ কী?",ঝামেলাশূন্য,wrong,fabricated,easy,
train_0956,has_context,প্রীতিলতা ওয়াদ্দেদার ১৯৩২ সালে মাস্টারদা সূর্য সেনের বিপ্লবী দলে যোগ দেন। একই বছরের ২৪ সেপ্টেম্বর তিনি পাহাড়তলী ইউরোপীয় ক্লাব আক্রমণে নেতৃত্ব দেন।,প্রীতিলতা ওয়াদ্দেদার কত সালে ব্রিটিশ বিরোধী স্বাধীনতা আন্দোলনে নিজেকে যুক্ত করেন ?,১৯৩১ সালে।,wrong,numeric,hard,
train_0957,no_context,,"""পারতপক্ষে"" এর শাব্দিক অর্থ কী?",ঋণ বা দায়িত্বের মধ্যে পড়া বা আটকা পড়া,wrong,fabricated,easy,
train_0958,no_context,,"বাংলাদেশের সাঁওতাল, বাঁশফোড়, রাজবংশী প্রভৃতি কোন জনগোষ্ঠীর সাথে সম্পৃক্ত?",আদি অস্ট্রেলীয়দের সাথে,correct,none,easy,
train_0959,has_context,দামোদর দেব (১৪৮৮-১৫৯৮) ষোড়শ শতকের এক শরণ নামধর্মের একজন বিখ্যাত ধর্ম প্রচারক। ১৪৮৮ খ্রীষ্টাব্দে নগাঁও জেলার নালচাতে তার জন্ম হয়েছিল। দামোদর দেব শ্রীমন্ত শংকরদেব-এর সামসাময়িক ছিলেন এবং ভট্টদেব-এর মত সাহিত্যিককে প্রেরণা যুগিয়েছিলেন।,দামোদর দেব কবে জন্মগ্রহণ করেন?,১৪৮৮,wrong,,easy,
train_0960,no_context,,ব্যঞ্জনবর্ণের সঙ্গে স্বরবর্ণ মিলে কোন সন্ধি হয়?,বিসর্গ সন্ধি,wrong,fabricated,easy,
train_0961,no_context,,কলকাতা থেকে মুর্শিদাবাদ বাসে ৭০ জন যাত্রী আছে । বাসভাড়া ১০ টাকা করে হলে মোট কত টাকা বাসভাড়া লাগবে ?,350,,,,
train_0962,no_context,,"$X = \{1, 2, 3, \ldots, 2015\}$ এই সেটের যেকোনো 200 উপাদান নিয়ে গঠিত সাবসেট $X_{200}$। তাহলে কতগুলো $X_{200}$ পাওয়া যাবে যার সবগুলো উপাদানের যোগফলকে 5 দিয়ে ভাগ করলে 1 অবশিষ্ট থাকবে?",14011750,correct,none,easy,
train_0963,no_context,,বাংলাদেশের দীর্ঘতম রেল সেতু-,হার্ডিঞ্জ সেতু,correct,none,easy,
train_0964,has_context,মার্কিন যুক্তরাষ্ট্রের রাষ্ট্রপতিদের নামের তালিকা</b>য় মার্কিন যুক্তরাষ্ট্রের প্রথম রাষ্ট্রপতি জর্জ ওয়াশিংটন[1] থেকে বর্তমান রাষ্ট্রপতি ডোনাল্ড ট্রাম্প পর্যন্ত সকল মার্কিন যুক্তরাষ্ট্রের রাষ্ট্রপতিদের নামের তালিকা দেয়া হয়েছে। কেবল সে ব্যক্তিদের নামই উল্লেখ করা হয়েছে যারা ১৭৮৯ সালে কার্যকর হওয়া মার্কিন সংবিধান অনুযায়ী নির্দিষ্ট নিয়মে মার্কিন যুক্তরাষ্ট্রের রাষ্ট্রপতির পদে বহাল হয়েছেন। এই সময়ের আগে যারা যুক্তরাষ্ট্রের সরকার প্রধান ছিলেন বা বিভিন্ন সময়ে সরকার পরিচালনা করেছেন তাদের তালিকা দেয়া হয়েছে এই নিবন্ধে: কন্টিনেন্টাল কংগ্রেসের সভাপতি। এই তালিকায় কোন ভারপ্রাপ্ত রাষ্ট্রপতির নাম উল্লেখ করা হয়নি। যুক্তরাষ্ট্রের সংবিধানের ২৫তম সংশোধনীতে ভারপ্রাপ্ত রাষ্ট্রপতির পদ সৃষ্টি করা হয়েছিল।,মার্কিন যুক্তরাষ্ট্রের প্রথম রাষ্ট্রপতির নাম কী ?,জর্জ ওয়াশিংটন,correct,none,easy,
train_0965,has_context,"স্থানীয় সরকার (ইউনিয়ন পরিষদ) আইন, ২০০৯-এর ধারা ৭০-এর বিষয় কর বিধি।","স্থানীয় সরকার (ইউনিয়ন পরিষদ) আইন, ২০০৯-এর ধারা ৭০-এর বিষয় কী?",কর বিধি,correct,none,easy,
train_0966,has_context,"নিষ্ক্রিয় গ্যাস বলতে পর্যায় সারণীর ১৮তম শ্রেণীর[1] মৌলগুলোকে বোঝায়। কখনওবা একে অষ্টম শ্রেণী, হিলিয়াম পরিবার বা নিয়ন পরিবার নামে ডাকা হয়। ইংরেজীতে সচরাচর হিসাবে অভিহিত। এই শ্রেণীতে অবস্থিত গ্যাসগুলো রাসায়নিকভাবে খুবই নিষ্ক্রিয়, কারণ এদের পরমাণুর সর্ববহিরস্থ কক্ষপথে ইলেকট্রনের সংখ্যা পরমাণুর সর্বোচ্চ ধারণ ক্ষমতার সমান অর্থাৎ ৮টি। ইতিমধ্যে সুস্থিত ইলেক্ট্রণসমূহ অন্য কোন মৌলের সাথে সহজে বিক্রিয়া করতে চায় না। সাধারণ অবস্থায় এগুলো বর্ণহীন, গন্ধহীন এবং এক পরমাণুক গ্যাস। উপরন্তু এগুলোর স্ফুটনাংক ও গলনাংক খুবই কাছাকাছি। আলোকসজ্জা, ওয়েল্ডিং এবং মহাশূন্য প্রযুক্তিতে এই গ্যাসগুলোর প্রভূত ব্যবহার রয়েছে। নিষ্ক্রিয় গ্যাসের সংখ্যা সাত। এগুলো হল: হিলিয়াম, নিয়ন, আর্গন, ক্রিপ্টন, জেনন, র‌্যাডন এবং ইউনুনোকটিয়াম।[2]",নিষ্ক্রিয় গ্যাসের সংখ্যা কয়টি ?,সাত,correct,none,easy,
train_0967,no_context,,'ফলহীন' শব্দের শুদ্ধ বিপরীত শব্দ কোনটি?,দুর্ভাগ্যবান,,,,
train_0968,has_context,'স্বর্গ-নরক' শব্দটির ব্যাসবাক্য হলো: স্বর্গ ও নরক।,"ব্যাসবাক্য অনুযায়ী, 'স্বর্গ-নরক' শব্দটি কোন সমাসের উদাহরণ?",কর্মধারয়,wrong,,easy,
train_0969,has_context,১৫ মার্চ ১৯৪৮ : মুহাম্মদ আলী জিন্নাহর পূর্ব পাকিস্তান সফরের প্রাক্কালে বিস্ফোরন্মুখ পরিস্থিতি মোকাবেলায় খাজা নাজিমুদ্দিন ষ্টুডেন্টস একশন কমিটির সাথে একটি বৈঠকে বসেন এবং বাংলাকে রাষ্ট্রভাষা হিসাবে প্রতিষ্ঠার একটি অঙ্গীকারণামা সই করেন।,১৫ মার্চ ১৯৪৮ সালে খাজা নাজিমুদ্দিন কাদের সাথে বৈঠক করে অঙ্গীকারনামা সই করেছিলেন?,রাষ্ট্রভাষা সংগ্রাম পরিষদ,wrong,,easy,
train_0970,has_context,"শ্রীপুর সরকারি কলেজ দ্বারা বোঝানো হতে পারে -শ্রীপুর সরকারি কলেজ, গাজীপুর - ১৯৬৮ সালে বাংলাদেশের গাজীপুরে প্রতিষ্ঠিত কলেজ।শ্রীপুর সরকারি কলেজ, মাগুরা - ১৯৬৯ সালে বাংলাদেশের মাগুরায় প্রতিষ্ঠিত কলেজ।",শ্রীপুর সরকারি কলেজ কত সালে প্রতিষ্ঠিত হয়?,১৯৬৮,wrong,numeric,hard,
train_0971,has_context,মার্কিন যুক্তরাষ্ট্রের রাষ্ট্রপতিদের নামের তালিকা</b>য় মার্কিন যুক্তরাষ্ট্রের প্রথম রাষ্ট্রপতি জর্জ ওয়াশিংটন[1] থেকে বর্তমান রাষ্ট্রপতি ডোনাল্ড ট্রাম্প পর্যন্ত সকল মার্কিন যুক্তরাষ্ট্রের রাষ্ট্রপতিদের নামের তালিকা দেয়া হয়েছে। কেবল সে ব্যক্তিদের নামই উল্লেখ করা হয়েছে যারা ১৭৮৯ সালে কার্যকর হওয়া মার্কিন সংবিধান অনুযায়ী নির্দিষ্ট নিয়মে মার্কিন যুক্তরাষ্ট্রের রাষ্ট্রপতির পদে বহাল হয়েছেন। এই সময়ের আগে যারা যুক্তরাষ্ট্রের সরকার প্রধান ছিলেন বা বিভিন্ন সময়ে সরকার পরিচালনা করেছেন তাদের তালিকা দেয়া হয়েছে এই নিবন্ধে: কন্টিনেন্টাল কংগ্রেসের সভাপতি। এই তালিকায় কোন ভারপ্রাপ্ত রাষ্ট্রপতির নাম উল্লেখ করা হয়নি। যুক্তরাষ্ট্রের সংবিধানের ২৫তম সংশোধনীতে ভারপ্রাপ্ত রাষ্ট্রপতির পদ সৃষ্টি করা হয়েছিল।,পাঠ্যাংশ অনুসারে “মার্কিন যুক্তরাষ্ট্রের রাষ্ট্রপতিদের নামের তালিকা” সম্পর্কিত উত্তর দিন।,মার্কিন যুক্তরাষ্ট্রের রাষ্ট্রপতিদের নামের তালিকা</b>য় মার্কিন যুক্তরাষ্ট্রের দ্বিতীয় রাষ্ট্রপতি জর্জ ওয়াশিংটন থেকে বর্তমান রাষ্ট্রপতি ডোনাল্ড ট্রাম্প পর্যন্ত সকল মার্কিন যুক্তরাষ্ট্রের রাষ্ট্রপতিদের নামের তালিকা দেয়া হয়েছে।,wrong,,hard,
train_0972,no_context,,পাকিস্তানের ১৯৭০ সালের সাধারণ নির্বাচনে প্রধান নির্বাচন কমিশনার কে ছিলেন?,বিচারপতি সায়েম,wrong,fabricated,hard,
train_0973,no_context,,পশ্চিমবঙ্গে প্রথম কম্পিউটার কত সালে আসে?,১৯৬৪ সালে,,,,
train_0974,has_context,জেসিকা ফিত্রিয়ানা মার্তাসারি আলফারিসি (জন্ম ৩১ মার্চ ১৯৯৫) হলেন একজন ইন্দোনেশীয় মডেল এবং বিউটি পেজেন্ট খেতাবধারী। তিনি পুত্যেরি ইন্দোনেশিয়া পারিওয়িসাতা ২০১৯ বা 'মিস সুপ্রান্যাশনাল ইন্দোনেশিয়া ২০১৯' খেতাব অর্জন করেন। তিনি মিস সুপ্রান্যাশনাল ২০১৯ প্রতিযোগিতায় ইন্দোনেশিয়ার প্রতিনিধিত্ব করেন এবং সেখানে দ্বিতীয় রানার-আপ হন। এটি মিস সুপ্রান্যাশনাল প্রতিযোগিতায় ইন্দোনেশিয়ার অর্জন করা সর্বোচ্চ স্থানগুলোর একটি। জেসিকা হলেন এই প্রতিযোগিতার ফাইনালে পৌঁছানো ষষ্ঠ ইন্দোনেশীয় এবং তার মাধ্যমে টানা পাঁচ বছর ইন্দোনেশিয়া এই প্রতিযোগিতায় স্থান ধরে রাখে। জেসিকা ইন্দোনেশিয়ার পর্যটন মন্ত্রণালয়ের ব্র্য,জেসিকা ফিত্রিয়ানা কবে জন্মগ্রহণ করেন?,৩১ মার্চ ১৯৯৫,wrong,,easy,
train_0975,has_context,"সামবেদ (সংস্কৃত: सामवेद) (সামন্‌ বা গান ও বেদ বা জ্ঞান থেকে) হল সংগীত ও মন্ত্রের বেদ।[24] সামবেদ হিন্দুধর্মের সর্বপ্রধান ধর্মগ্রন্থ বেদের দ্বিতীয় ভাগ। এটি বৈদিক সংস্কৃত ভাষায় রচিত। সামবেদে ১,৮৭৫টি মন্ত্র রয়েছে।[25] এই শ্লোকগুলি মূলত বেদের প্রথম ভাগ ঋগ্বেদ থেকে গৃহীত।[26] এটি একটি প্রার্থনামূলক ধর্মগ্রন্থ। বর্তমানে সামবেদের তিনটি শাখার অস্তিত্ব রয়েছে। এই বেদের একাধিক পাণ্ডুলিপি ভারতের বিভিন্ন অঞ্চল থেকে আবিষ্কৃত হয়েছে।[27][28]",সামবেদে মোট কয়টি শাখা আছে ?,চারটি,wrong,,easy,
train_0976,no_context,,"""শুভঙ্করের ফাঁকি"" এর ভাবার্থ কী?",ধোঁকা দিয়ে ফায়দা হাসিল,correct,none,easy,
train_0977,no_context,,‘মিতা’ ও ‘আলি’ শব্দ দুটির সন্ধিতে কোন শব্দ গঠিত হয়?,মিতাআলি,wrong,,hard,
train_0978,no_context,,বাংলা ভাষার প্রথম সার্থক সামাজিক উপন্যাস কোনটি?,আলালের ঘরের দুলাল,correct,none,easy,
train_0979,has_context,২০১০ সালের নভেম্বর মাসের মাঝামাঝি ব্রাজিলের ব্যবহারকারীরাও তাদের অর্থপ্রেরণের জন্য ব্যক্তিগত ট্যাবটিকে পূর্ব ঘোষণা ছাড়াই নাই হয়ে যেতে দেখেন। একই ব্যবহারকারীর পেপ্যাল একাউন্টের মধ্যে অর্থ লেনদেনের ক্ষেত্রে আরো অতিরিক্ত ৬.৪% ফী ধার্য করা হয়।,২০১০ সালের নভেম্বর মাসে ব্রাজিলের ব্যবহারকারীদের একাউন্ট থেকে কী সরিয়ে ফেলা হয়?,"""স্বয়ংক্রিয় স্থানান্তর"" সুবিধা",wrong,,easy,
train_0980,has_context,প্রজাত্যায়ন (Speciation) একটি বিবর্তনমূলক জীবপ্রক্রিয়া যার মাধ্যমে একটি জীব প্রজাতি থেকে নতুন নতুন জীব প্রজাতির উদ্ভব ঘটে। প্রাণীর ক্ষেত্রে দেখা যায় প্রজনন প্রক্রিয়ার মাধ্যমে যে উত্তরপ্রজন্ম সৃষ্ট হয় তার প্রজাতিবৈশিষ্ট্য অগ্রজ থেকে ক্রমশ: ভিন্নতা লাভ করে। বংশানুক্রমে এই ভিন্নতা ব্যাপক হয়ে দাঁড়ালে নতুন প্রজাতি হিসাবে স্বীকৃতি ধার্য হয়ে পড়ে। তবে কখন নতুন প্রজাতি হিসাবে স্বীকৃতি ধার্য হবে তা বিতর্কিত বিষয়।[26] জীববিজ্ঞানী ওরেটর কুক খুব সম্ভবত speciation শব্দটি প্রথম বংশানুক্রমিক ভিন্নতা লাভ বোঝাতে ব্যবহার করেছিলেন।[27][28],প্রদত্ত অনুচ্ছেদে “প্রজাত্যায়ন Speciation বিবর্তনমূলক জীবপ্রক্রিয়া মাধ্যমে” সম্পর্কে মূল বক্তব্যটি কী?,প্রজাত্যায়ন (Speciation) একটি বিবর্তনমূলক জীবপ্রক্রিয়া যার মাধ্যমে একটি জীব প্রজাতি থেকে নতুন নতুন জীব প্রজাতির উদ্ভব ঘটে।,correct,none,hard,
train_0981,has_context,'সুপুরুষ' শব্দটির ব্যাসবাক্য হলো: সুন্দর যে পুরুষ।,"ব্যাসবাক্য অনুযায়ী, 'সুপুরুষ' শব্দটি কোন সমাসের উদাহরণ?",কর্মধারয়,,,,
train_0982,has_context,"বিশ্বের ইতিহাস বলতে এখানে পৃথিবী নামক গ্রহে বসবাসকারী মানবজাতির ইতিহাস বোঝানো হয়েছে, গ্রহ হিসেবে পৃথিবীর ইতিহাস নয়। মানুষের ইতিহাস মূলত পুরাপ্রস্তর যুগে পৃথিবী জুড়ে শুরু হয়। আদিম যুগ থেকে প্রাপ্ত সকল প্রত্নতাত্ত্বিক ও লিখিত দলিল এর আওতাভুক্ত। লিখন পদ্ধতি আবিষ্কারের মধ্য দিয়ে প্রাচীন প্রামাণ্য ইতিহাসের[1] শুরু হয়।[2][3] যদিও লিখন পদ্ধতি আবিষ্কারের পূর্ববর্তী যুগেও সভ্যতার নিদর্শন পাওয়া গেছে। প্রাগৈতিহাসিক যুগের সূচনা ঘটে পুরাপ্রস্তর যুগে। সেখান থেকে সভ্যতা প্রবেশ করে নব্যপ্রস্তর যুগে এবং এসময় কৃষি বিপ্লবের (খ্রিস্টপূর্ব ৮০০০-খ্রিস্টপূর্ব ৫০০০ অব্দ) সূচনা ঘটে। নব্যপ্রস্তর যুগের বিপ্লবে উদ্ভিদ ও পশুর গৃহপালন এবং নিয়মানুগ কৃষিপদ্ধতি রপ্ত করা মানব সভ্যতার একটি অনন্য মাইলফলক হিসেবে চিহ্নিত।[4][5][6] কৃষির উন্নয়নের সঙ্গে সঙ্গে বেশির ভাগ মানুষ যাযাবর জীবনযাত্রা ত্যাগ করে স্থায়ীভাবে কৃষকের জীবন গ্রহণ করে। তবে বহু সমাজে যাযাবর জীবনব্যবস্থা রয়ে যায়, বিশেষ করে ভৌগোলিকভাবে বিচ্ছিন্ন অঞ্চলগুলিতে ও যেখানে আবাদযোগ্য উদ্ভিদ প্রজাতির অভাব ছিল। কৃষি থেকে প্রাপ্ত খাদ্য নিরাপত্তা ও উদ্বৃত্ত উৎপাদনের ফলে গোষ্ঠীগুলি ধীরে ধীরে বৃদ্ধি পেয়ে আরও বড় সামাজিক প্রতিষ্ঠানের জন্ম দেয়। যোগাযোগ ব্যবস্থার উন্নয়নও এক্ষেত্রে একটি উল্লেখযোগ্য ভূমিকা রাখে।",পুরাপ্রস্তর যুগের পর কোন যুগের আবির্ভাব হয়েছিল ?,তাম্রপ্রস্তর যুগের আবির্ভাব হয়েছিল।,wrong,,easy,
train_0983,has_context,ইরাকের জাতীয় সংসদের আসনসংখ্যা ২৭৫। ২০০৫ সালের ডিসেম্বরে এর জন্য জাতীয় নির্বাচন অণুষ্ঠিত হয়। নির্বাচিত সরকার ২০০৬-২০১০ সালের জন্য ক্ষমতায় থাকবে।,অনুচ্ছেদের ভিত্তিতে “২০০৫ সালের ডিসেম্বরে জন্য জাতীয়” বিষয়ে কোন বক্তব্যটি সঠিক?,২০০৬ সালের ডিসেম্বরে এর জন্য জাতীয় নির্বাচন অণুষ্ঠিত হয়।,wrong,numeric,hard,
train_0984,has_context,"[(১) যদি কোন চেয়ারম্যান বা চেয়ারম্যানের দায়িত্বপ্রাপ্ত কোন সদস্য বা প্রশাসক ধারা ৩০ অনুযায়ী নির্ধারিত পদ্ধতিতে নির্দিষ্ট সময়ের মধ্যে দায়িত্ব হস্তান্তর করিতে ব্যর্থ হন, তাহা হইলে তাহার বিধি দ্বারা নির্ধারিত পদ্ধতিতে তাহার উপর অনধিক ৫০ (পঞ্চাশ) হাজার টাকা জরিমানা আরোপিত হইবে|]।","প্রদত্ত প্রসঙ্গ অনুযায়ী স্থানীয় সরকার (ইউনিয়ন পরিষদ) আইন, ২০০৯-এর ধারা ৩১ সম্পর্কে কী বলা হয়েছে?","[(১) যদি কোন চেয়ারম্যান বা চেয়ারম্যানের দায়িত্বপ্রাপ্ত কোন সদস্য বা প্রশাসক ধারা ৩১ অনুযায়ী নির্ধারিত পদ্ধতিতে নির্দিষ্ট সময়ের মধ্যে দায়িত্ব হস্তান্তর করিতে ব্যর্থ হন, তাহা হইলে তাহার বিধি দ্বারা নির্ধারিত পদ্ধতিতে তাহার উপর অনধিক ৫০ (পঞ্চাশ) হাজার টাকা জরিমানা আরোপিত হইবে|]।",wrong,numeric,hard,
train_0985,has_context,মঙ্গোল সাম্রাজ্য ১২শ শতকের শুরুতে মঙ্গোল সেনাপতি চেঙ্গিস খান প্রতিষ্ঠিত একটি বিশালাকার সাম্রাজ্য। ১২শ শতকের শেষে এসে প্রায় সমস্ত পূর্ব ও দক্ষিণ-পশ্চিম এশিয়া এবং মধ্য ইউরোপ পর্যন্ত এটি বিস্তৃত ছিল। এটি ইতিহাসের সর্ববৃহৎ অবিচ্ছিন্ন স্থলসাম্রাজ্য।,অনুচ্ছেদের আলোকে “এটি ইতিহাসের সর্ববৃহৎ অবিচ্ছিন্ন স্থলসাম্রাজ্য” বিষয়ে প্রাসঙ্গিক তথ্যটি কী?,এটি ইতিহাসের সর্ববৃহৎ অবিচ্ছিন্ন স্থলসাম্রাজ্য নয়।,wrong,,hard,
train_0986,has_context,'ঢেঁকিছাঁটা' শব্দটির ব্যাসবাক্য হলো: ঢেঁকি দ্বারা ছাঁটা।,"ব্যাসবাক্য অনুযায়ী, 'ঢেঁকিছাঁটা' শব্দটি কোন সমাসের উদাহরণ?",তৃতীয়া তৎপুরুষ,correct,none,hard,
train_0987,has_context,"১৯৭৩ সালের ১৪ জুন, মধ্যযুগের চারটি কামান নিয়ে চট্টগ্রাম বিশ্ববিদ্যালয় জাদুঘরের কার্যক্রম শুরু হয়। বর্তমানে এ জাদুঘরে বেলে পাথরের একাধিক ভাস্কর্যসহ বেশকিছু প্রাচীন পাথরের ভাস্কর্য এবং একটি কামান রয়েছে। জাদুঘর ভবনটি পাঁচটি গ্যালারিতে বিভক্ত। যেখানে রয়েছে: সমসাময়িক আর্ট গ্যালারি, প্রাগৈতিহাসিক এবং প্রত্নতাত্ত্বিক আর্ট গ্যালারি, ভাস্কর্য গ্যালারি, লোকশিল্প গ্যালারি এবং ইসলামিক আর্ট গ্যালারি।",অনুচ্ছেদে “জাদুঘরে বেলে পাথরের একাধিক ভাস্কর্যসহ” প্রসঙ্গে কোন তথ্য উল্লেখ আছে?,বর্তমানে এ জাদুঘরে বেলে পাথরের একাধিক ভাস্কর্যসহ বেশকিছু প্রাচীন পাথরের ভাস্কর্য এবং দুটি কামান রয়েছে।,wrong,,hard,
train_0988,has_context,বন্দ্যোপাধ্যায় ১৮৮৫ সালে ১২ এপ্রিল মুর্শিদাবাদ জেলার বহরমপুরের কালিমাটি গ্রামে জন্ম গ্রহণ করেন। তিনি বহরমপুরের কৃষ্ণনাথ কলেজ ও স্কুল থেকে ১৯০০ সালে এনট্রান্স পাস করেন। একই বছর তিনি নরেন্দ্রনাথ মুখোপাধ্যায়ের মেয়ে কাঞ্চনমালা দেবীকে বিয়ে করেন। বন্দোপাধ্যায় ১৯০৩ সালে এফ.এ পাস করেন। এবং প্রেসিডেন্সি কলেজ ভর্তি হন। ১৯০৭ সালে ইতিহাসে অর্নাস ডিগ্রী লাভ করেন। ১৯১১ সালে তিনি কলকাতা বিশ্ববিদ্যালয় থেকে একই বিষয়ে এম.এ পাস করেন।[1],বিশিষ্ট প্রত্নতাত্ত্বিক রাখালদাস বন্দ্যোপাধ্যায়ের জন্ম কোথায় হয় ?,মুর্শিদাবাদ জেলার বহরমপুরের কালিমাটি গ্রামে।,correct,none,easy,
train_0989,no_context,,"""ভাগার ফলা"" এর ভাবার্থ কী?",যে সন্তান মায়ের দুঃখের কারণ,wrong,fabricated,easy,
train_0990,has_context,"রোগীকে বন্ধন থেকে মুক্ত করার পোষকতা করা প্রথম ব্যক্তি ছিলেন 'ফিলিপ পিনেল' (Philippe Pinel)। তিনি ১৭৯৩ সালে প্যারিস-এর 'বিয়েট্রি' (Bisetr / Bicetre) চিকিৎসালয়র রোগীদেরকে আবদ্ধ করে রাখার নিয়ম বন্ধ করে দিয়েছিলেন। পিনেলের এই কাজকে মানসিক রোগ বিজ্ঞানের সাথে আধুনিক চিকিৎসা বিজ্ঞানের এক মাইলফলক বলে গণ্য করা হয়। তাঁকে 'মনোরোগ বিজ্ঞানের জনক' বলে অভিহিত করা হয়।[2] রোগীকে বন্ধন মুক্ত করে সাধারণ মানুষের মতো চিকিৎসা করতে সাহায্য করা তাঁর মতবাদকে 'মানবীয় চিকিৎসা' (Moral Treatment) নাম দেওয়া হয়েছিল। অবশ্য এই মতবাদ সম্পূর্ণরূপে পিনেলের সৃষ্টি ছিল না। এই মতবাদের সঙ্গে 'জঁ বাপ্টিস্ট পুসি'-র (Jean-Baptiste Pussin (1745-1811)) অবদানের কথা তিনি নিজেই উল্লেখ করে গেছেন। পিনেল মানসিক রোগীদের লক্ষণ সমূহ অধ্যয়ন করার ক্ষেত্রে জোর দেন। এই ধারণা অত্যন্ত গুরুত্বপূর্ণ এই কারণেই যে আজও মানসিক রোগের নিদানের জন্য লক্ষণের উপর গুরুত্ব দেওয়া হয়। কিন্তু চিকিৎসা বিজ্ঞানের অন্যান্য শাখায় রোগের নিদান রোগের কারণের উপর ভিত্তি করে করা হয়। মানসিক রোগের কারণসমূহ এখনও বিশদভাবে জানা যায়নি, এজন্য এই ব্যবস্থা এখনও মেনে চলা হচ্ছে। পিনেলের এই অবদান পরবর্তীতে মানসিক রোগের শ্রেণীবিভাগ করতে বিশেষ আগ্রহ যোগায়।","অনুচ্ছেদ অনুযায়ী, “তিনি ১৭৯৩ প্যারিস বিয়েট্রি Bisetr” প্রসঙ্গে কী তথ্য দেওয়া হয়েছে?",তিনি ১৭৯৩ সালে প্যারিস-এর 'বিয়েট্রি' (Bisetr / Bicetre) চিকিৎসালয়র রোগীদেরকে আবদ্ধ করে রাখার নিয়ম বন্ধ করে দিয়েছিলেন।,correct,none,hard,
train_0991,no_context,,“জন্মদাতা” শব্দের সমার্থক শব্দ কোনটি?,প্রভঞ্জন,wrong,fabricated,easy,
train_0992,has_context,হাইড্রোজেন বহু বিক্রিয়ায় অন্য পদার্থ থেকে অক্সিজেন অপসারণ বা ইলেকট্রন দান করে; তাই এটি সাধারণত বিজারক পদার্থ হিসেবে কাজ করে।,হাইড্রোজেন সাধারণত কী হিসেবে কাজ করে?,বিজারক হিসেবে।,correct,none,hard,
train_0993,has_context,AB ও CD সরলরেখা O বিন্দুতে ছেদ করলে বিপ্রতীপ কোণগুলো সমান হয়। তাই ∠AOD = ∠BOC এবং ∠AOC = ∠BOD।,AB ও CD সরলরেখাদ্বয় ‘O’ বিন্দুতে ছেদ করলে নিচের কোন গাণিতিক বাক্যটি সঠিক হবে?-,∠AOD = ∠BOC।,correct,none,hard,
train_0994,has_context,এই কারণে এই ভাষাটিকে সুমেরীয় ভাষার সঙ্গে প্রাচীনতম নথিভুক্ত ভাষাগুলির অন্যতম মনে করা হয়।,মিশরীয় ভাষাকে প্রাচীনতম নথিভুক্ত ভাষা হিসেবে কোন ভাষার সাথে তুলনা করা হয়?,সুমেরীয় ভাষা,correct,none,easy,
train_0995,no_context,,মৈমনসিংহ গীতিকা সংগ্রহ ও সম্পাদনা করেন কোন গবেষক?,দীনেশরঞ্জন দাশ,wrong,fabricated,easy,
train_0996,has_context,খিলজি রাজবংশ (Persian: سلسله خلجی‎; Hindi: सलतनत ख़िलजी) ছিল তুর্কি বংশোদ্ভুত মুসলিম রাজবংশ। [2] ১২৯০ থেকে ১৩২০ সাল পর্যন্ত সময়ের মধ্যে এই রাজবংশ দক্ষিণ এশিয়ার বিরাট অংশ শাসন করে।[3] জালালউদ্দিন ফিরোজ খিলজি এই রাজবংশের পত্তন করেন। এটি দিল্লি সালতানাত শাসনকারী দ্বিতীয় রাজবংশ। আলাউদ্দিন খিলজির সময় খিলজিরা সফলভাবে মোঙ্গল আক্রমণ ঠেকাতে সক্ষম হয়।[4][5],অনুচ্ছেদের আলোকে “জালালউদ্দিন ফিরোজ খিলজি রাজবংশের পত্তন” বিষয়ে প্রাসঙ্গিক তথ্যটি কী?,জালালউদ্দিন ফিরোজ খিলজি এই রাজবংশের পত্তন করেন না।,wrong,,hard,
train_0997,no_context,,"রোজি একটি ৳১ বিলের সাথে একটি ৳.৪৪ পিস ক্যান্ডির জন্য অর্থ প্রদান করে৷ ক্যাশিয়ার যদি তাকে পরিবর্তন হিসাবে সম্ভাব্য সবচেয়ে কম সংখ্যক কয়েন দেয়, তাহলে রোজি পরিবর্তন হিসাবে কত কয়েন পাবে?",৫,,,,
train_0998,has_context,শ্যাজেল ছবিটির চিত্রনাট্য লেখেন ২০১০ সালে কিন্তু তার গল্পভাবনা পরিবর্তন না করে ছবিটিকে অর্থায়ন করবে কোন স্টুডিও খুঁজে পাননি। ২০১৪ সালের তার চলচিত্র হুইপল্যাশ এর সাফল্যের ফলে এই প্রকল্পটি নেয় সামিট এন্টারটেইনমেন্ট। ছবিটির চিত্রধারণ হয় ২০১৫ সালের আগস্ট থেকে সেপ্টেম্বর মাসে লস অ্যাঞ্জেলেসে। লা লা ল্যান্ড ছবিটির উদ্বোধনী প্রদর্শনী হয় ৭৩তম ভেনিস আন্তর্জাতিক চলচিত্র উৎসবে ২০১৬ সালের ৩১শে আগস্ট এবং যুক্তরাষ্ট্রের প্রেক্ষাগৃহে ছবিটি মুক্তি পায় ২০১৬ সালে ৯ই ডিসেম্বর। মাত্র ৩০ মিলিয়ন মার্কিন ডলার বাজেটে নির্মিত ছবিটি সারা বিশ্বে প্রায় ৪১৬.৮ মিলিয়ন মার্কিন ডলার আয় করে।,অনুচ্ছেদের আলোকে “২০১৪ সালের তার চলচিত্র হুইপল্যাশ” বিষয়ে প্রাসঙ্গিক তথ্যটি কী?,২০১৪ সালের তার চলচিত্র হুইপল্যাশ এর সাফল্যের ফলে এই প্রকল্পটি নেয় সামিট এন্টারটেইনমেন্ট।,correct,none,hard,
train_0999,has_context,প্রীতি জিনতা ২০১৬ সালের ২৯ ফেব্রুয়ারি যুক্তরাষ্ট্রের জিন গুডএনাফকে বিয়ে করেন।,প্রীতি জিনতার স্বামীর নাম কী ?,জিন গুডএনাফ।,correct,none,hard,
train_1000,no_context,,"""নাক কাটা"" এর শাব্দিক অর্থ কী?",নাক কাটা (nose cutting),correct,none,easy,
