item_id,split,condition,subject,corpus_label,votes,all_humans_disagree_with_corpus,context,question,answer
dev_0065,dev,has_context,history,correct,annotator=wrong/entity,yes,"হোসে মরিনহোর চেলসিতে প্রথম মেয়াদ: ২০০৪ থেকে ২০০৭ সাল পর্যন্ত। এই সময়ে তিনি চেলসিকে ৫০ বছরের মধ্যে প্রথম শীর্ষ লিগ শিরোপা (২০০৪-০৫) এনে দেন। দ্বিতীয় মেয়াদ: ২০১৩ থেকে ২০১৫ সাল পর্যন্ত। চেলসির হয়ে দুই মেয়াদে তিনি তিনটি প্রিমিয়ার লিগ, একটি এফএ কাপ এবং তিনটি লিগ কাপ জয় করেন।",চেলসি ক্লাব কোন দেশের ক্লাব?,ইংল্যান্ড
dev_0108,dev,has_context,reading_comprehension,correct,annotator=wrong/relational,yes,"তুকারাম (১৬০৮-১৬৪৫) ছিলেন একজন বিশিষ্ট সন্ত এবং আধ্যাত্মিক কবি। তাকে গৌরবসূচক সন্ত তুকারাম, ভক্ত তুকারাম, মহারাজ তুকারাম, তুকুবা ও তুকুবারায়া নামেও ডাকা হত। তুকারাম ভারতের মহারাষ্ট্রের পুনের নিকটে দেহু শহরে জন্মগ্রহণ করেন ও তার জীবনের অধিকাংশ সময় অতিবাহিত করেন। তুকারাম তার অভঙ্গ নামক ভক্তিমূলক কবিতা ও কীর্তন গানের জন্য সর্বাধিক পরিচিত।",তুকারাম কবে জন্মগ্রহণ করেন?,তুকারাম ভারতের মহারাষ্ট্রের পুনের নিকটে দেহু শহরে জন্মগ্রহণ করেন ও তার জীবনের অধিকাংশ সময় অতিবাহিত করেন।
dev_0132,dev,has_context,reading_comprehension,correct,annotator=wrong/relational,yes,"জমিদার(দেবনাগরী: ज़मींदार , উর্দু: زمیندار বা জমিদার প্রথা বা জমিদারি বা জমিদারি প্রথা ) ফার্সি যামিন (জমি) ও দাস্তান (ধারণ বা মালিকানা)-এর বাংলা অপভ্রংশের সঙ্গে ‘দার’ সংযোগে ‘জমিদার’ শব্দের উৎপত্তি। মধ্যযুগীয় বাংলার অভিজাত শ্রেণীর ভূম্যধিকারীদের পরিচয়জ্ঞাপক নাম হিসেবে শব্দটি ঐতিহাসিক পরিভাষার অন্তর্ভুক্ত হয়েছে। মুগল আমলে জমিদার বলতে প্রকৃত চাষির ঊর্ধ্বে সকল খাজনা গ্রাহককে বোঝানো হতো। প্রকৃত চাষি জমিদার নয়, কারণ সে কখনও তার জমি খাজনা বা ভাড়ায় অন্য কাউকে প্রদান করে না। জমিদাররা শুধু খাজনা আদায়ের স্বত্বাধিকারী, জমির স্বত্বাধিকারী নয়। পক্ষান্তরে, জমির মালিকদের বলা হতো রায়ত বা চাষি যাদের নামে জমাবন্দি বা রেন্ট-রোল তৈরি হতো। এই ধারণায় জমিদারগণ রাজস্বের চাষি ছিল মাত্র। এরা ছিল সরকার এবং হুজুরি (স্বতন্ত্র) তালুকদার ব্যতীত নিম্নস্তরের রাজস্ব চাষিদের মধ্যস্থ পক্ষ। হুজুরি তালুকদারগণ খালসায় (খাজাঞ্চি খানায়) সরাসরি রাজস্ব প্রদান করত।",জমিদার শব্দের অর্থ কী ?,চাষির ঊর্ধ্বে খাজনা গ্রহণকারী ভূস্বামী।
dev_0145,dev,has_context,reading_comprehension,wrong,annotator=correct/none,yes,"এস্টার বানফি (জন্ম ১৯৫৭) একজন হাঙ্গেরীয় প্রাগৈতিহাসিকবিদ, প্রত্নতাত্ত্বিক এবং শিক্ষাবিদ। ২০১৩ সাল থেকে তিনি জার্মান প্রত্নতাত্ত্বিক ইনস্টিটিউটে রোমানো-জার্মানিক কমিশনের পরিচালক হিসেবে দায়িত্ব পালন করছেন। তিনি হাঙ্গেরীয় একাডেমি অফ সায়েন্সেস-এর প্রত্নতাত্ত্বিক ইনস্টিটিউটের একজন অধ্যাপক।",এস্টার বানফি কবে জন্মগ্রহণ করেন?,১৯৫৭
dev_0151,dev,has_context,history,wrong,annotator=correct/none,yes,"সর্বশেষ বিশ্বকাপ অনুষ্ঠিত হয়েছে রাশিয়ায়, ২০১৮ সালের ১৪ জুন থেকে ১৫ জুলাই পর্যন্ত। এই বিশ্বকাপে ফ্রান্স ক্রোয়েশিয়াকে ফাইনালে ৪-২ গোলে পরাজিত করে শিরোপা জিতে নেয়।",সর্বশেষ ফিফা বিশ্বকাপ আন্তর্জাতিক ফুটবল প্রতিযোগিতা কত সালে অনুষ্ঠিত হয়েছিল ?,২০১৮
dev_0156,dev,has_context,law,correct,annotator=wrong/numeric,yes,ভারতীয় উপমহাদেশে সাংবিধানিক ধারার বিকাশ ঘটে ১৭৭৩ সালের রেগুলেটিং অ্যাক্ট পাসের মধ্য দিয়ে এবং ক্রমান্বয়ে তা পরিবর্তিত হতে থাকে ১৯৩৫ সালের ভারত শাসন আইন পর্যন্ত।,"ভারত শাসন আইন, ১৯৩৫ এ মোট কতটি ধারা ও তফসিল ছিল?",৩২১টি ধারা ও ১০টি তফসিল
dev_0164,dev,no_context,bcs,correct,annotator=wrong/fabricated,yes,,দেশের কোন জেলায় সর্ববৃহৎ সৌরবিদ্যুৎ কেন্দ্র অবস্থিত?,ময়মনসিংহ
dev_0170,dev,has_context,law,correct,annotator=wrong/numeric,yes,"ডিঅক্সিরাইবোনিউক্লিইক এসিড (ডিএনএ) আইন, ২০১৪ হলো ডিএনএ নমুনা সংগ্রহ, ডিএনএ প্রোফাইলিং, ফরেনসিক ডিএনএ ল্যাবরেটরি প্রতিষ্ঠা ও জাতীয় ডিএনএ ডাটাব্যাংক সম্পর্কিত বিধান প্রণয়নকল্পে প্রণীত আইন।","ডিএনএ আইন, ২০১৪ কবে প্রকাশিত হয়?","২২ সেপ্টেম্বর, ২০১৪"
dev_0195,dev,has_context,history,correct,annotator=wrong/numeric,yes,"১৯৩৪ সালে ইংল্যান্ড ক্রিকেট দলের অস্ট্রেলিয়া ও নিউজিল্যান্ড সফরের মাধ্যমে প্রথমবারের মতো মহিলাদের আন্তর্জাতিক ক্রিকেট খেলা শুরু হয়। ২৮-৩১ ডিসেম্বর, ১৯৩৪ তারিখে অনুষ্ঠিত প্রথম টেস্ট খেলায় ইংল্যান্ড দল জয় তুলে নেয়।[2] পরের বছর নিউজিল্যান্ড প্রথম টেস্ট খেলে। ১৯৬০ সালে পর্যন্ত কেবলমাত্র ঐ তিন দেশই মহিলাদের ক্রিকেটে একমাত্র টেস্টভূক্ত দল ছিল। এরপর দক্ষিণ আফ্রিকা ইংল্যান্ডের বিপক্ষে বেশ কয়েকটি খেলায় অংশ নেয়।[2]",প্রথম কত সালে ভারতে আন্তর্জাতিক মহিলা ক্রিকেট ম্যাচ চালু হয় ?,১৯৭৬ সালে
dev_0261,dev,has_context,law,correct,annotator=wrong/numeric,yes,"১৯৭১ সালের ৭ মার্চ জাতির পিতা বঙ্গবন্ধু শেখ মুজিবুর রহমান ঢাকার রেসকোর্স ময়দানে (বর্তমান শহীদ সোহরাওয়ার্দী উদ্যান) ঐতিহাসিক ভাষণ দেন, যা বাঙালি জাতিকে স্বাধীনতা সংগ্রামের পথ দেখিয়েছিল।","সংবিধান (পঞ্চদশ সংশোধন) আইন, ২০১১ এর মাধ্যমে ৭ মার্চের ভাষণ সংবিধানের কোন অনুচ্ছেদের পঞ্চম তফসিলে অন্তর্ভুক্ত করা হয়?",অনুচ্ছেদ ১৫০(২)
dev_0356,dev,has_context,law,correct,annotator=wrong/contradiction,yes,"২০১৮ সালের ৬ সেপ্টেম্বর ভারতের সুপ্রিম কোর্ট সর্বসম্মতভাবে রায় দিয়ে জানায়, সম্মতিসূচক প্রাপ্তবয়স্কদের মধ্যে সমকামিতা অপরাধ নয়, এবং ভারতীয় দণ্ডবিধির ৩৭৭ ধারার সংশ্লিষ্ট অংশ অবৈধ ঘোষণা করে।",২০১৮ সালের রায়ে ৩৭৭ ধারা বাতিলের সিদ্ধান্ত কতজন বিচারপতির সাংবিধানিক বেঞ্চে দেওয়া হয়?,পাঁচজন
dev_0407,dev,has_context,law,correct,annotator=wrong/numeric,yes,"নারীবাদ (Feminism) ১৮৮০ সালে ফ্রান্সে, ১৮৯০ সালে যুক্তরাজ্যে এবং ১৯১০ সালে যুক্তরাষ্ট্রে বিশ্বব্যাপী আন্দোলন হিসেবে প্রচলন লাভ করে।",জাতিসংঘের হিসাব অনুযায়ী নারীরা বিশ্বের মোট সম্পদের কত শতাংশের মালিক?,মাত্র ১ শতাংশ
dev_0412,dev,has_context,law,correct,annotator=wrong/numeric,yes,"২০১৮ সালের ৬ সেপ্টেম্বর ভারতের সুপ্রিম কোর্ট সর্বসম্মতভাবে রায় দিয়ে জানায়, সম্মতিসূচক প্রাপ্তবয়স্কদের মধ্যে সমকামিতা অপরাধ নয়, এবং ভারতীয় দণ্ডবিধির ৩৭৭ ধারার সংশ্লিষ্ট অংশ অবৈধ ঘোষণা করে।",ভারতের সুপ্রিম কোর্ট দিল্লি হাইকোর্টের রায় বাতিল করে ৩৭৭ ধারা পুনর্বহাল করে কোন সালে?,২০১৩ সালে
dev_0459,dev,has_context,law,correct,annotator=wrong/relational,yes,ভারতীয় উপমহাদেশে সাংবিধানিক ধারার বিকাশ ঘটে ১৭৭৩ সালের রেগুলেটিং অ্যাক্ট পাসের মধ্য দিয়ে এবং ক্রমান্বয়ে তা পরিবর্তিত হতে থাকে ১৯৩৫ সালের ভারত শাসন আইন পর্যন্ত।,পাকিস্তানের ১৯৬২ সালের সংবিধানে কোন শাসনব্যবস্থা প্রবর্তিত হয়?,রাষ্ট্রপতিশাসিত শাসনব্যবস্থা
dev_0476,dev,has_context,reading_comprehension,wrong,annotator=correct/none,yes,ডেম সুসান মেরি বেইলি (জন্ম ২৯ আগস্ট ১৯৫০) একজন ব্রিটিশ মনোরোগ বিশেষজ্ঞ এবং শিক্ষাবিদ যিনি শিশু ও কিশোর-কিশোরীদের মানসিক স্বাস্থ্যে বিশেষজ্ঞ। ২০০৪ সাল থেকে তিনি সেন্ট্রাল ল্যাঙ্কাশায়ার বিশ্ববিদ্যালয়ের শিশু মানসিক স্বাস্থ্যের অধ্যাপক। ২০১১ থেকে ২০১৪ সাল পর্যন্ত তিনি রয়্যাল কলেজ অফ সাইকিয়াট্রিস্টস-এর প্রেসিডেন্ট ছিলেন। ২০১৫ সালের জানুয়ারি থেকে তিনি একাডেমি অফ মেডিকেল রয়্যাল কলেজেস-এর চেয়ার হিসেবে দায়িত্ব পালন করছেন।,সুসান বেইলি কবে জন্মগ্রহণ করেন?,২৯ আগস্ট ১৯৫০
dev_0490,dev,has_context,history,wrong,annotator=correct/none,yes,আলীবর্দী খানের প্রকৃত নাম মির্জা মুহম্মদ আলী । তাঁর পিতার নাম মির্জা মুহম্মদ । তিনি মুঘল দরবার কতৃক খান উপাধি পেয়েছিলেন। আরব বংশোদ্ভূত মির্জা মুহম্মদ বেগ মুঘল সম্রাট আওরঙ্গজেবের তৃতীয় পুত্র আজম শাহের দরবারের একজন কর্মকর্তা ছিলেন[2]। আলীবর্দী খানের মা ইরানের খোরাসানের এক তুর্কি উপজাতি থেকে এসেছিলেন। তাঁর পিতামহ আওরঙ্গজেবের সৎ ভাই ছিলেন। মির্জা মুহম্মদ আলী পূর্ণবয়স্ক হবার পরপরই আজম শাহ তাঁকে পিলখানার পরিচালক হিসেবে নিয়োগ দেন[2]।,নবাব আলীবর্দী খান কোন বংশের সন্তান ছিলেন ?,আরব বংশের সন্তান ছিলেন।
dev_0504,dev,has_context,law,correct,annotator=wrong/relational,yes,"১৯৭১ সালের ৭ মার্চ জাতির পিতা বঙ্গবন্ধু শেখ মুজিবুর রহমান ঢাকার রেসকোর্স ময়দানে (বর্তমান শহীদ সোহরাওয়ার্দী উদ্যান) ঐতিহাসিক ভাষণ দেন, যা বাঙালি জাতিকে স্বাধীনতা সংগ্রামের পথ দেখিয়েছিল।",৭ মার্চের ভাষণের শেষ দুটি শব্দ কী ছিল?,"""জয় বাংলা"""
dev_0534,dev,has_context,law,correct,annotator=wrong/relational,yes,"বাল্যবিবাহ নিরোধ আইন, ২০১৭ হলো Child Marriage Restraint Act, 1929 রহিতপূর্বক সময়োপযোগী করিয়া নূতনভাবে প্রণীত একটি আইন।",বাল্যবিবাহ নিরোধ আইনের ধারা ৩ অনুযায়ী কোন কমিটি গঠনের বিধান আছে?,বাল্যবিবাহ প্রতিরোধ কমিটি
dev_0557,dev,has_context,reading_comprehension,correct,annotator=wrong/relational,yes,"ভীষ্ম প্রবল পরাক্রান্ত হয়ে উঠলে স্বয়ং কৃষ্ণ তাকে প্রতিরোধ করতে গিয়ে 'যুদ্ধে যোগদান না করার' প্রতিজ্ঞা ভঙ্গ করেন। যুদ্ধের ১০ম দিনে অর্জুন শিখণ্ডীকে (পূর্বজন্মে অম্বা) সাথে রেখে নিরস্ত্র ভীষ্মের ওপর ক্রমাগত বাণবর্ষণ করতে থাকেন ও এই বাণ দ্বারা ভীষ্ম শরশয্যায় শায়িত হয় ও তার পতন ঘটে। কৌরব পক্ষের সেনাপতি হন অস্ত্রগুরু দ্রোন। অর্জুনের পুত্র অভিমন্যু কৌরবদের চক্রব্যুহে প্রবেশ করলেও বের হবার উপায় না জানায় একা ‘সপ্তরথী’র সাথে যুদ্ধ করে নিহত হয়। এরপর কৃষ্ণের মন্ত্রণায় ভীম অশ্বত্থামা নামে একটি হাতিকে মারে ও সত্যবাদী যুধিষ্ঠির দ্রোণকে তাঁর পুত্রের মৃত্যুর মিথ্যা সংবাদ জানায় (“অশ্বত্থামা হত, ইতি গজ।”)। শোকে দ্রোণ অস্ত্রত্যাগ করলে দ্রৌপদীর ভ্রাতা ধৃষ্টদ্যুম্ন তাঁকে বধ করেন। ভীম দুঃশাসনের বুক চিরে রক্তপান করেন। সেনাপতি কর্ণ সারথি হিসেবে পান মহাবীর শল্যকে। কর্ণ ও অর্জুনের প্রবল দ্বৈরথ হয়। কর্ণ-অর্জুনের যুদ্ধে কর্ণের রথের চাকা মাটিতে বসে যায় ও কর্ণ চাকা তুলতে গেলেঅর্জুন তাঁকে বধ করেন। যুধিষ্ঠির শল্যকে ও সহদেব শকুনিকে বধ করেন। একে একে সবার মৃত্যু হয়। শেষে ভীম কৃষ্ণের ইঙ্গিতে অন্যায়ভাবে গদা দ্বারা দুর্যোধনের ঊরুভঙ্গ করে তাঁকে বধ করেন। কিন্তু গভীর রাতে অশ্বত্থামা পাণ্ডব শিবিরে প্রবেশ করে দ্রৌপদীর পঞ্চপুত্র, ধৃষ্টদ্যুম্ন প্রভৃতিদের হত্যা করেন। ক্রুদ্ধ পাণ্ডবেরা অশ্বত্থামার মস্তকের মণি হরণ করেন ও জরাগ্রস্ত অমর অশ্বত্থামা নিরুদ্দিষ্ট হন।",মহাভারত অনুযায়ী দ্রৌপদী মোট কয় জন সন্তানের মা ?,পাঁচজন।
dev_0621,dev,has_context,reading_comprehension,wrong,annotator=correct/none,yes,"মোনায়েম সরকার (জন্ম ৩০ মার্চ ১৯৪৫) একজন বাংলাদেশি রাজনীতিবিদ, কলাম লেখক ও গবেষক। ২০১৩ সালে বাংলা একাডেমি তাকে সম্মানসূচক ফেলোশিপ প্রদান করে।",মোনায়েম সরকার কবে জন্মগ্রহণ করেন?,৩০ মার্চ ১৯৪৫
dev_0637,dev,has_context,reading_comprehension,wrong,annotator=correct/none,yes,তুর্কি জাতীয় আন্দোলনের ফলে তুরস্কে গ্র্যান্ড ন্যাশনাল এসেম্বলি গঠিত হয়। ১৯২৩ সালের ২৪ জুলাই লুসানের চুক্তিতে জাতির স্বাধীনতা ও সীমানা বিষয়ে আনুষ্ঠানিক নিশ্চয়তা লাভ করা হয়। ন্যাশনাল এসেম্বলি ১৯২৩ সালের ২৯ অক্টোবর তুরস্ককে প্রজাতন্ত্র ও আঙ্কারাকে এর রাজধানী ঘোষণা করে। ফলে প্রায় ৭০০ বছর পর উসমানীয় সাম্রাজ্য আনুষ্ঠানিকভাবে সমাপ্ত হয়। তবে সুলতান এই আন্দোলন দমন করতে ইচ্ছুক ছিলেন এবং শাইখুল ইসলামের মাধ্যমে ফতোয়া জারি করেন যাতে তা অনৈসলামিক ঘোষণা করা হয়। তবে জাতীয়তাবাদিরা ধীরে ধীরে গতি পায় এবং ব্যাপক জনসমর্থন লাভ করে। হুমকি দূর করার জন্য সুলতান নির্বাচন অনুষ্ঠানের জন্য রাজি হন। এতে জাতীয়তাবাদিরা জয়ী হয়।,উসমানীয় সাম্রাজ্য কবে ধ্বংস হয় ?,উসমানীয় সাম্রাজ্য ধ্বংস হয় ১৯২৩ সালের ২৯ অক্টোবর।
dev_0739,dev,has_context,reading_comprehension,correct,annotator=wrong/numeric,yes,মার্গারেট ক্যাম্বল গেইজ (১৭৩৪-১৮২৪) ছিলেন জেনারেল থমাস গেইজের স্ত্রী। থমাস গেইজ আমেরিকার স্বাধীনতা আন্দোলনের সময় ব্রিটিশ সেনাবাহিনীর প্রধান সেনা কর্মকতা ছিলেন। ক্যাম্বল স্বাধীনতা আন্দোলনের সময় তার স্বামীর বিরুদ্ধে গুপ্তচরাবৃত্তি করেছেন। কারণ তিনি জন্মসূত্রে ছিলেন আমেরিকান। তার জন্ম নিউ জার্সির নিউ বার্নসউইকে এবং তিনি পূর্ব বার্নসউইকে বসবাস করতেন।,মার্গারেট ক্যাম্বল গেইজ কবে জন্মগ্রহণ করেন?,১৮২৪
dev_0764,dev,has_context,reading_comprehension,wrong,annotator=correct/none,yes,"জমিদার(দেবনাগরী: ज़मींदार , উর্দু: زمیندار বা জমিদার প্রথা বা জমিদারি বা জমিদারি প্রথা ) ফার্সি যামিন (জমি) ও দাস্তান (ধারণ বা মালিকানা)-এর বাংলা অপভ্রংশের সঙ্গে ‘দার’ সংযোগে ‘জমিদার’ শব্দের উৎপত্তি। মধ্যযুগীয় বাংলার অভিজাত শ্রেণীর ভূম্যধিকারীদের পরিচয়জ্ঞাপক নাম হিসেবে শব্দটি ঐতিহাসিক পরিভাষার অন্তর্ভুক্ত হয়েছে। মুগল আমলে জমিদার বলতে প্রকৃত চাষির ঊর্ধ্বে সকল খাজনা গ্রাহককে বোঝানো হতো। প্রকৃত চাষি জমিদার নয়, কারণ সে কখনও তার জমি খাজনা বা ভাড়ায় অন্য কাউকে প্রদান করে না। জমিদাররা শুধু খাজনা আদায়ের স্বত্বাধিকারী, জমির স্বত্বাধিকারী নয়। পক্ষান্তরে, জমির মালিকদের বলা হতো রায়ত বা চাষি যাদের নামে জমাবন্দি বা রেন্ট-রোল তৈরি হতো। এই ধারণায় জমিদারগণ রাজস্বের চাষি ছিল মাত্র। এরা ছিল সরকার এবং হুজুরি (স্বতন্ত্র) তালুকদার ব্যতীত নিম্নস্তরের রাজস্ব চাষিদের মধ্যস্থ পক্ষ। হুজুরি তালুকদারগণ খালসায় (খাজাঞ্চি খানায়) সরাসরি রাজস্ব প্রদান করত।",জমিদার শব্দের অর্থ কী ?,চাষির ঊর্ধ্বে সকল খাজনা গ্রাহক
dev_0768,dev,has_context,law,correct,annotator=wrong/relational,yes,বাংলাদেশের সংবিধান ১৯৭২ সালের ৪ নভেম্বর গণপরিষদে গৃহীত হয় এবং একই বছর ১৬ ডিসেম্বর বিজয় দিবসে বলবৎ হয়।,সংবিধানের প্রস্তাবনায় রাষ্ট্র পরিচালনার আদর্শ হিসেবে কোন চারটি মূলনীতি উল্লেখ আছে?,"জাতীয়তাবাদ, সমাজতন্ত্র, গণতন্ত্র ও ধর্মনিরপেক্ষতা"
dev_0778,dev,no_context,vocabulary,correct,annotator=wrong/fabricated,yes,,"""গুবলেট"" এর শাব্দিক অর্থ কী?",ভাসমান বা ভেসে যাওয়া বস্তু (যেমন নৌকা বা পাত্র)
dev_0788,dev,no_context,bcs,correct,annotator=wrong/fabricated,yes,,নেপালের পার্লামেন্টের নাম কী?,পার্লামেন্ট
dev_0848,dev,has_context,reading_comprehension,correct,annotator=wrong/numeric,yes,"আর্যভট্ট (দেবনগরী: आर्यभट) (৪৭৬ – ৫৫০)[1][2] প্রাচীন ভারতের সবচেয়ে বিখ্যাত গণিতবিদদের মধ্যে একজন। ভারতের প্রথম কৃত্রিম উপগ্রহের নাম তার নামে ""আর্যভট্ট"" রাখা হয়।",ভারতীয় গণিতবিদ আর্যভট্ট কবে জন্মগ্রহণ করেন ?,৫৫০
dev_0855,dev,has_context,history,correct,annotator=wrong/numeric,yes,"সর্বশেষ বিশ্বকাপ অনুষ্ঠিত হয়েছে রাশিয়ায়, ২০১৮ সালের ১৪ জুন থেকে ১৫ জুলাই পর্যন্ত। এই বিশ্বকাপে ফ্রান্স ক্রোয়েশিয়াকে ফাইনালে ৪-২ গোলে পরাজিত করে শিরোপা জিতে নেয়।",সর্বশেষ ফিফা বিশ্বকাপ আন্তর্জাতিক ফুটবল প্রতিযোগিতা কত সালে অনুষ্ঠিত হয়েছিল ?,২০২২
dev_0923,dev,no_context,vocabulary,correct,annotator=wrong/fabricated,yes,,"""ভেরেণ্ডা ভাজা"" এর শাব্দিক অর্থ কী?",ভেরেণ্ডা (এক ধরনের শাক) ভাজা
dev_0958,dev,has_context,reading_comprehension,correct,annotator=wrong/numeric,yes,তুর্কি জাতীয় আন্দোলনের ফলে তুরস্কে গ্র্যান্ড ন্যাশনাল এসেম্বলি গঠিত হয়। ১৯২৩ সালের ২৪ জুলাই লুসানের চুক্তিতে জাতির স্বাধীনতা ও সীমানা বিষয়ে আনুষ্ঠানিক নিশ্চয়তা লাভ করা হয়। ন্যাশনাল এসেম্বলি ১৯২৩ সালের ২৯ অক্টোবর তুরস্ককে প্রজাতন্ত্র ও আঙ্কারাকে এর রাজধানী ঘোষণা করে। ফলে প্রায় ৭০০ বছর পর উসমানীয় সাম্রাজ্য আনুষ্ঠানিকভাবে সমাপ্ত হয়। তবে সুলতান এই আন্দোলন দমন করতে ইচ্ছুক ছিলেন এবং শাইখুল ইসলামের মাধ্যমে ফতোয়া জারি করেন যাতে তা অনৈসলামিক ঘোষণা করা হয়। তবে জাতীয়তাবাদিরা ধীরে ধীরে গতি পায় এবং ব্যাপক জনসমর্থন লাভ করে। হুমকি দূর করার জন্য সুলতান নির্বাচন অনুষ্ঠানের জন্য রাজি হন। এতে জাতীয়তাবাদিরা জয়ী হয়।,উসমানীয় সাম্রাজ্য কবে ধ্বংস হয় ?,১ নভেম্বর ১৯২২।
dev_0974,dev,has_context,history,correct,annotator=wrong/entity,yes,"১৬৫৮ সালে শাহজাহানের জ্যেষ্ঠ পুত্র দারাশিকো রাজ শাসকের প্রতিনিধি হিসেবে ক্ষমতায় আরোহন করে। শাহজাহানের অপর পুত্র আওরঙ্গজেব কিছু ধর্মভিত্তিক গোষ্ঠীর সহায়তায় দিল্লির সিংহাসন দখল করেন। ১৬৫৯ সালে আওরঙ্গজেব তার ভাইকে যুদ্ধে পরাজিত করেন এবং মৃত্যুদণ্ড প্রদান করেন।[7] যদিও শাহজাহান তখন সম্পূর্ণ সুস্থ ছিলেন, তথাপি আওরঙ্গজেব তাকে অসুস্থতার অজুহাত দেখিয়ে রাজকার্য পরিচালনা করার অযোগ্য ঘোষণা করে তাকে গৃহবন্দী করে রাখেন।",মুঘল সম্রাট জাহাঙ্গীরের পর কে মুঘল সম্রাট হন ?,শাহজাহান মুঘল সম্রাট হন।
dev_1017,dev,has_context,history,correct,annotator=wrong/numeric,yes,"আবদুল আজিজ ইবনে আবদুর রহমান ইবনে ফয়সাল ইবনে তুর্কি ইবনে আবদুল্লাহ ইবনে মুহাম্মদ আল সৌদ (Arabic: عبد العزيز بن عبد الرحمن آل سعود‎, ‘Abd al-‘Azīz ibn ‘Abd ar-Raḥman Āl Sa‘ūd; ১৫ জানুয়ারি ১৮৭৬[1] – ৯ নভেম্বর ১৯৫৩) আরব বিশ্বে সাধারণভাবে আবদুল আজিজ[2] বা ইবনে সৌদ[3] বলে পরিচিত। তিনি আধুনিক সৌদি আরবের প্রতিষ্ঠাতা ও সৌদি আরবের প্রথম বাদশাহ।[4]",আবদুল্লাহ বিন আল-হুসাইন কত সালে জন্মগ্রহণ করেছিলেন ?,২ ফেব্রুয়ারি ১৮৮২
dev_1039,dev,has_context,law,correct,annotator=wrong/numeric,yes,"বাল্যবিবাহ নিরোধ আইন, ২০১৭ হলো Child Marriage Restraint Act, 1929 রহিতপূর্বক সময়োপযোগী করিয়া নূতনভাবে প্রণীত একটি আইন।",বাল্যবিবাহ নিরোধ আইনের ধারা ৫ অনুযায়ী নিষেধাজ্ঞা জারির পরও কেউ তা ভঙ্গ করলে সর্বোচ্চ কত মাস কারাদণ্ড হতে পারে?,৬ মাস
dev_1051,dev,has_context,law,correct,annotator=wrong/numeric,yes,"নারীবাদ (Feminism) ১৮৮০ সালে ফ্রান্সে, ১৮৯০ সালে যুক্তরাজ্যে এবং ১৯১০ সালে যুক্তরাষ্ট্রে বিশ্বব্যাপী আন্দোলন হিসেবে প্রচলন লাভ করে।",জাতিসংঘের হিসাব অনুযায়ী বিশ্বের মোট জনসংখ্যার কত শতাংশ নারী?,৫১ শতাংশ
dev_1054,dev,has_context,law,correct,annotator=wrong/numeric,yes,"নারীবাদ (Feminism) ১৮৮০ সালে ফ্রান্সে, ১৮৯০ সালে যুক্তরাজ্যে এবং ১৯১০ সালে যুক্তরাষ্ট্রে বিশ্বব্যাপী আন্দোলন হিসেবে প্রচলন লাভ করে।",'নারীমুক্তি' (Women's Liberation) স্লোগানটি প্রথম ব্যবহৃত হয় কোন সালে?,১৯৬৪ সালে
dev_1076,dev,has_context,law,correct,annotator=wrong/numeric,yes,ভারতীয় উপমহাদেশে সাংবিধানিক ধারার বিকাশ ঘটে ১৭৭৩ সালের রেগুলেটিং অ্যাক্ট পাসের মধ্য দিয়ে এবং ক্রমান্বয়ে তা পরিবর্তিত হতে থাকে ১৯৩৫ সালের ভারত শাসন আইন পর্যন্ত।,মর্লি-মিন্টো সংস্কার নামে পরিচিত আইনটি কোন সালে পাস হয়?,১৯০৯ সালে
dev_1133,dev,has_context,reading_comprehension,wrong,annotator=correct/none,yes,"তুকারাম (১৬০৮-১৬৪৫) ছিলেন একজন বিশিষ্ট সন্ত এবং আধ্যাত্মিক কবি। তাকে গৌরবসূচক সন্ত তুকারাম, ভক্ত তুকারাম, মহারাজ তুকারাম, তুকুবা ও তুকুবারায়া নামেও ডাকা হত। তুকারাম ভারতের মহারাষ্ট্রের পুনের নিকটে দেহু শহরে জন্মগ্রহণ করেন ও তার জীবনের অধিকাংশ সময় অতিবাহিত করেন। তুকারাম তার অভঙ্গ নামক ভক্তিমূলক কবিতা ও কীর্তন গানের জন্য সর্বাধিক পরিচিত।",তুকারাম কবে জন্মগ্রহণ করেন?,১৬০৮
dev_1157,dev,has_context,law,correct,annotator=wrong/relational,yes,"২০১৮ সালের ৬ সেপ্টেম্বর ভারতের সুপ্রিম কোর্ট সর্বসম্মতভাবে রায় দিয়ে জানায়, সম্মতিসূচক প্রাপ্তবয়স্কদের মধ্যে সমকামিতা অপরাধ নয়, এবং ভারতীয় দণ্ডবিধির ৩৭৭ ধারার সংশ্লিষ্ট অংশ অবৈধ ঘোষণা করে।","রায়ে বলা হয়, ব্যক্তিপরিসর রক্ষা কী ধরনের অধিকার?",মানুষের মৌলিক অধিকার
dev_1192,dev,no_context,bcs,wrong,annotator=correct/none,yes,,'Intellectual' শব্দের বাংলা অর্থ-,মননশীল
dev_1231,dev,has_context,law,correct,annotator=wrong/numeric,yes,"ডিঅক্সিরাইবোনিউক্লিইক এসিড (ডিএনএ) আইন, ২০১৪ হলো ডিএনএ নমুনা সংগ্রহ, ডিএনএ প্রোফাইলিং, ফরেনসিক ডিএনএ ল্যাবরেটরি প্রতিষ্ঠা ও জাতীয় ডিএনএ ডাটাব্যাংক সম্পর্কিত বিধান প্রণয়নকল্পে প্রণীত আইন।",ডিএনএ আইনের কোন ধারা অনুযায়ী সরকার একটি জাতীয় ডিএনএ ডাটাব্যাংক প্রতিষ্ঠা করতে পারবে?,ধারা ২৪
dev_1253,dev,has_context,law,correct,annotator=wrong/relational,yes,"১৯৭১ সালের ৭ মার্চ জাতির পিতা বঙ্গবন্ধু শেখ মুজিবুর রহমান ঢাকার রেসকোর্স ময়দানে (বর্তমান শহীদ সোহরাওয়ার্দী উদ্যান) ঐতিহাসিক ভাষণ দেন, যা বাঙালি জাতিকে স্বাধীনতা সংগ্রামের পথ দেখিয়েছিল।",২০৪১ সালের মধ্যে বাংলাদেশকে কী রূপে রূপান্তরিত করার লক্ষ্য নেওয়া হয়েছে?,স্মার্ট বাংলাদেশ
dev_1262,dev,has_context,law,correct,annotator=wrong/relational,yes,"ডিঅক্সিরাইবোনিউক্লিইক এসিড (ডিএনএ) আইন, ২০১৪ হলো ডিএনএ নমুনা সংগ্রহ, ডিএনএ প্রোফাইলিং, ফরেনসিক ডিএনএ ল্যাবরেটরি প্রতিষ্ঠা ও জাতীয় ডিএনএ ডাটাব্যাংক সম্পর্কিত বিধান প্রণয়নকল্পে প্রণীত আইন।",ডিএনএ আইনের ধারা ৩২ অনুযায়ী কোনো কোম্পানি এই আইনের অধীনে অপরাধ করলে কারা অপরাধী বলে গণ্য হবেন?,"উক্ত অপরাধের সঙ্গে প্রত্যক্ষ সংশ্লিষ্ট কোম্পানির প্রতিটি পরিচালক, ম্যানেজার, সচিব, এজেন্ট, কর্মকর্তা ও কর্মচারী"
dev_1332,dev,has_context,history,correct,annotator=wrong/relational,yes,মুঘল সম্রাট আকবরের প্রবর্তিত 'দীন-ই-ইলাহী' হলো বিভিন্ন ধর্মের মূলনীতির সমন্বয়ে গঠিত একটি মতাদর্শ। সম্রাট আকবর (১৫৫৬–১৬০৫) এর সময়ে মুঘল সাম্রাজ্যের ভিত্তি সুদৃঢ় হয়। তিনি ১৫৮২ সালে 'দীন-ই-ইলাহী' (বা 'তাওহীদ-ই-ইলাহী') নামক সমন্বিত ধর্মতত্ত্ব বা মতাদর্শ প্রচার করেন।,আকবর কোন কোন ধর্মের প্রতি শ্রদ্ধাশীল ছিলেন বলে বর্ণিত?,সব ধর্মের প্রতি
test_0028,test,has_context,history,correct,tawhid=wrong/entity; shejan=correct/none,no,"পরে একে একে সৈয়দ মুসা (রাজ-অমাত্য), সুলায়মান (প্রধান অমাত্য), মুহাম্মদ খান (সৈন্যমন্ত্রী) ও মজলিস নবরাজ (রাজস্বমন্ত্রী) কবিকে পৃষ্ঠপোষকতা দান করেন।",আলাওলের পৃষ্ঠপোষকদের মধ্যে কে সৈন্যমন্ত্রী ছিলেন?,মুহাম্মদ খান
test_0038,test,no_context,bcs,wrong,tawhid=correct/none; shejan=correct/none,yes,,বাংলাদেশের অতি পরিচিত খাদ্য গোলআলু কোথা থেকে আনা হয়েছিল?,দক্ষিণ আমেরিকার পেরু-চিলি থেকে
test_0039,test,no_context,mathematics,correct,tawhid=wrong/fabricated; shejan=wrong/fabricated,yes,,প্রতিটি টিকিটের দাম ৯.৪০ টাকা । তবে ৪টি টিকিটের দাম কত?,36
test_0046,test,has_context,reading_comprehension,wrong,tawhid=correct/none; shejan=wrong/contradiction,no,"প্রশাসনিক সুবিধার্থে তুরস্ককে ৮১টি প্রদেশে বিভক্ত করা হয়েছে।[17] সব বিভাগ আবার সাতটি অঞ্চলে বিভক্ত। তবে এই সাতটি অঞ্চল কোনো প্রশাসনিক বিভাজন নয়।[37] প্রতিটি প্রদেশ কয়েকটি করে জেলায় বিভক্ত। তুরস্কে মোট জেলা আছে ৯২৩টি।[38] প্রতিটি প্রদেশের নামই সেই প্রদেশের রাজধানীর নাম। আর প্রতিটি প্রাদেশিক রাজধানী সংশ্লিষ্ট প্রদেশের কেন্দ্রীয় জেলা। সবচেয়ে বড় শহর ইস্তাম্বুল। এটি হচ্ছে তুরস্কের বাণিজ্যিক, অর্থনৈতিক ও সাংস্কৃতিক কেন্দ্রবিন্দু। তুর্কি জনগণের প্রায় ৭০ দশমিক ৫ শতাংশ লোক শহরে বসবাস করে।[17]",অনুচ্ছেদের আলোকে “সব বিভাগ আবার সাতটি অঞ্চলে” বিষয়ে প্রাসঙ্গিক তথ্যটি কী?,সব বিভাগ আবার সাতটি অঞ্চলে বিভক্ত নয়।
test_0059,test,has_context,law,correct,tawhid=wrong/numeric; shejan=unsure/none,no,"ডিঅক্সিরাইবোনিউক্লিইক এসিড (ডিএনএ) আইন, ২০১৪ হলো ডিএনএ নমুনা সংগ্রহ, ডিএনএ প্রোফাইলিং, ফরেনসিক ডিএনএ ল্যাবরেটরি প্রতিষ্ঠা ও জাতীয় ডিএনএ ডাটাব্যাংক সম্পর্কিত বিধান প্রণয়নকল্পে প্রণীত আইন।",ডিএনএ আইনের ধারা ২৯ অনুযায়ী অননুমোদিতভাবে ডিএনএ সংক্রান্ত তথ্য সংগ্রহ বা প্রকাশ করলে সর্বোচ্চ কত বছর কারাদণ্ড হতে পারে?,"৩ বছর, তবে ২ বছরের কম নয়"
test_0081,test,has_context,law,correct,tawhid=wrong/entity; shejan=unsure/none,no,"ডিঅক্সিরাইবোনিউক্লিইক এসিড (ডিএনএ) আইন, ২০১৪ হলো ডিএনএ নমুনা সংগ্রহ, ডিএনএ প্রোফাইলিং, ফরেনসিক ডিএনএ ল্যাবরেটরি প্রতিষ্ঠা ও জাতীয় ডিএনএ ডাটাব্যাংক সম্পর্কিত বিধান প্রণয়নকল্পে প্রণীত আইন।",শিশু বা মানসিক ভারসাম্যহীন ব্যক্তির ডিএনএ নমুনা সংগ্রহের জন্য কার সম্মতি লিপিবদ্ধভাবে গ্রহণ করতে হয়?,পিতা-মাতা বা তার আইনানুগ অভিভাবকের সম্মতি
test_0089,test,has_context,reading_comprehension,wrong,tawhid=correct/none; shejan=wrong/contradiction,no,"প্রশাসনিক সুবিধার্থে তুরস্ককে ৮১টি প্রদেশে বিভক্ত করা হয়েছে।[17] সব বিভাগ আবার সাতটি অঞ্চলে বিভক্ত। তবে এই সাতটি অঞ্চল কোনো প্রশাসনিক বিভাজন নয়।[37] প্রতিটি প্রদেশ কয়েকটি করে জেলায় বিভক্ত। তুরস্কে মোট জেলা আছে ৯২৩টি।[38] প্রতিটি প্রদেশের নামই সেই প্রদেশের রাজধানীর নাম। আর প্রতিটি প্রাদেশিক রাজধানী সংশ্লিষ্ট প্রদেশের কেন্দ্রীয় জেলা। সবচেয়ে বড় শহর ইস্তাম্বুল। এটি হচ্ছে তুরস্কের বাণিজ্যিক, অর্থনৈতিক ও সাংস্কৃতিক কেন্দ্রবিন্দু। তুর্কি জনগণের প্রায় ৭০ দশমিক ৫ শতাংশ লোক শহরে বসবাস করে।[17]",প্রদত্ত তথ্য অনুযায়ী “প্রতিটি প্রদেশের নামই সেই প্রদেশের” সম্পর্কে কী জানা যায়?,প্রতিটি প্রদেশের নামই সেই প্রদেশের রাজধানীর নাম নয়।
test_0091,test,has_context,law,correct,tawhid=wrong/numeric; shejan=unsure/none,no,ভারতীয় উপমহাদেশে সাংবিধানিক ধারার বিকাশ ঘটে ১৭৭৩ সালের রেগুলেটিং অ্যাক্ট পাসের মধ্য দিয়ে এবং ক্রমান্বয়ে তা পরিবর্তিত হতে থাকে ১৯৩৫ সালের ভারত শাসন আইন পর্যন্ত।,সাইমন কমিশন গঠিত হয় কোন সালে?,১৯২৭ সালে
test_0099,test,has_context,reading_comprehension,wrong,tawhid=wrong/entity; shejan=correct/none,no,"নদীর ওপর ছিল পন্টুন ব্রিজ বা ভাসমান সেতু। নীচে নৌকা, উপরে পাটাতন। মাঝ বরাবর খুলে দেওয়ার ব্যবস্থা। লম্বায় ১৫২৮ ফুট, ৪৮ ফুট চওড়া। দু’পাশে সাত ফুটের ফুটপাত। জাহাজ-স্টিমার চলাচলের জন্য সেতুর মাঝখানে ২০০ ফুট খুলে দেওয়া যেত। স্টিমার এলেই সেতু বন্ধ। ভোঁ ভোঁ শব্দ করে স্টিমার পেরিয়ে যাবে, তার পর আবার খুলবে সেতু। পুরনো হাওড়া ব্রিজের নকশা বানিয়েছিলেন স্যর ব্র্যাডফোর্ড লেসলি । ব্রিটিশ শাসনে রেল কোম্পানির খ্যাতনামা ইঞ্জিনিয়ার। এ দেশের বড় বড় রেলসেতুর নকশা তিনিই বানিয়েছিলেন। যেমন, নৈহাটির জুবিলি ব্রিজ। লেসলি সাহেব বিলেত থেকে এসে সেতু নির্মাণের এলাকা ঘুরে দেখে গিয়েছিলেন। ফিরে গিয়ে তৈরি করেন নকশা।",রবীন্দ্র সেতুর নকশা কে তৈরি করেন ?,বানিয়েছিলেন লেসলি
test_0103,test,has_context,reading_comprehension,wrong,tawhid=correct/none; shejan=correct/none,yes,"পশ্চিমবঙ্গের হুগলি জেলার আরামবাগ মহকুমায় অবস্থিত কামারপুকুর গ্রামে ১৮৩৬ সালে এক দরিদ্র ধর্মনিষ্ঠ রক্ষণশীল ব্রাহ্মণ পরিবারে রামকৃষ্ণ পরমহংসের জন্ম হয়। তিনি পিতা ক্ষুদিরাম চট্টোপাধ্যায় এবং মা চন্দ্রমণি দেবীর চতুর্থ ও শেষ সন্তান। কথিত আছে, শ্রীরামকৃষ্ণের জন্মের পূর্বে তাঁর পিতামাতার সম্মুখে বেশ কয়েকটি অলৌকিক ঘটনা ঘটেছিল। সন্তানসম্ভবা চন্দ্রমণি দেবী দেখেছিলেন শিবলিঙ্গ থেকে নির্গত একটি জ্যোতি তাঁর গর্ভে প্রবেশ করছে। তাঁর জন্মের অব্যবহিত পূর্বে গয়ায় তীর্থভ্রমণে গিয়ে ক্ষুদিরাম গদাধর বিষ্ণুকে স্বপ্নে দর্শন করেন। সেই কারণে তিনি নবজাতকের নাম রাখেন গদাধর।[14]",ঊনবিংশ শতাব্দীর বিশিষ্ট ভারতীয় হিন্দু ধর্মগুরু রামকৃষ্ণ পরমহংস কোন গ্রামে জন্মগ্রহণ করেন ?,কামারপুকুর
test_0104,test,has_context,reading_comprehension,wrong,tawhid=correct/none; shejan=wrong/contradiction,no,মোহাম্মদ আশরাফ মীর (জন্ম ১৯৭২) জম্মু ও কাশ্মীরের একজন ভারতীয় রাজনীতিবিদ। তিনি শ্রীনগর জেলার সোনাওয়ার বিধানসভা কেন্দ্রের বিধায়ক ছিলেন। তিনি ২০১৪ সালের জম্মু ও কাশ্মীর বিধানসভা নির্বাচনে জম্মু ও কাশ্মীর পিপলস ডেমোক্রেটিক পার্টির প্রতিনিধিত্ব করে জয়লাভ করেন।,পাঠ্যাংশ থেকে “তিনি শ্রীনগর জেলার সোনাওয়ার বিধানসভা” সম্পর্কিত সঠিক তথ্যটি লিখুন।,তিনি শ্রীনগর জেলার সোনাওয়ার বিধানসভা কেন্দ্রের বিধায়ক ছিলেন না।
test_0111,test,has_context,reading_comprehension,correct,tawhid=wrong/entity; shejan=wrong/contradiction,yes,সালমান খানের দাদাবাড়ি বাংলাদেশের বরিশালে। তাঁর বাবা ডা. ফখরুল আমিন খান চিকিৎসক ছিলেন। তাঁর দাদা আব্দুল ওয়াহাব খান ছিলেন মুসলিম লীগের নেতা এবং পাকিস্তান জাতীয় পরিষদের স্পিকার (১৯৫৫-৫৮)। সালমানের বাবা অভিবাসী হয়ে পাড়ি জমান যুক্তরাষ্ট্রে। সেখানেই লুইজিয়ানার নিউ অরলিন্স শহরে সালমানের জন্ম (১৯৭৬) এবং বেড়ে ওঠা। ১৯৯১ সালে মাত্র ১৪ বছর বয়সেই বাবাকে হারান।[5][6],খান একাডেমী'র প্রতিষ্ঠাতা সালমান আমিন খানের বাবার নাম কী ?,প্রদত্ত অনুচ্ছেদে সালমান খানের বাবার নাম উল্লেখ নেই; শুধু বলা হয়েছে তাঁর বাবা যুক্তরাষ্ট্রে অভিবাসী হন।
test_0125,test,has_context,grammar,wrong,tawhid=correct/none; shejan=wrong/entity,no,'নর' ও 'ইন্দ্র' শব্দ দুটির সন্ধিতে নতুন শব্দ গঠিত হয় (স্বরসন্ধি)।,'নর' ও 'ইন্দ্র' শব্দ দুটির সন্ধিতে কোন শব্দ গঠিত হয়?,নরইন্দ্র
test_0126,test,has_context,others,correct,tawhid=wrong/relational; shejan=correct/none,no,তামিম ইকবালের টেস্ট অভিষেক হয় ২০০৮ সালের ৪ জানুয়ারি নিউজিল্যান্ডের বিপক্ষে ডানেডিনে। তাঁর ওয়ানডে অভিষেক হয় ২০০৭ সালে জিম্বাবুয়ের বিপক্ষে।,তামিম ইকবালের ওয়ানডে অভিষেক কোন দলের বিপক্ষে?,জিম্বাবুয়ের বিপক্ষে।
test_0128,test,has_context,reading_comprehension,wrong,tawhid=correct/none; shejan=wrong/contradiction,no,"মোহাম্মদ মোসাদ্দেক আলী ফালু (জন্ম ৭ এপ্রিল ১৯৬০) একজন বাংলাদেশী উদ্যোক্তা এবং একজন রাজনীতিবিদ যিনি বিএনপির সাবেক সংসদ সদস্য ছিলেন। তিনি ২০০১ থেকে ২০০৪ সাল পর্যন্ত সে সময়ের বাংলাদেশের প্রধানমন্ত্রী বেগম খালেদা জিয়ার রাজনৈতিক সচিব হিসেবে দায়িত্ব পালন করেন। ফালু ২০০৩ সালে, বাংলাদেশের প্রথম অটোমেশন ভিত্তিক বেসরকারি স্যাটেলাইট টেলিভিশন স্টেশন ইন্টারন্যাশনাল টেলিভিশন চ্যানেল লিমিটেড (এনটিভি) চালু করেন। তিনি আরও একটি বেসরকারি স্যাটেলাইট চ্যানেল আরটিভি এবং বাংলা দৈনিক পত্রিকা দৈনিক আমার দেশ প্রতিষ্ঠা করেন। তিনি টেলিভিশন চ্যানেল মালিকদের (এসটিসিও) সমিতির প্রতিষ্ঠাতা সভাপতি।",পাঠ্যাংশে “তিনি টেলিভিশন চ্যানেল মালিকদের এসটিসিও” কীভাবে বর্ণিত হয়েছে?,তিনি টেলিভিশন চ্যানেল মালিকদের (এসটিসিও) সমিতির প্রতিষ্ঠাতা সভাপতি নয়।
test_0132,test,has_context,reading_comprehension,wrong,tawhid=correct/none; shejan=wrong/contradiction,no,কাগজের প্রচলন চীন থেকে সারাবিশ্বে ছড়িয়ে পরে মুসলিম বিশ্বের মাধ্যমে এবং ত্রয়োদশ শতাব্দীতে মধ্যযুগের ইউরোপে কাগজের উৎপাদন শুরু হয়। যেখানে সর্বপ্রথম পানি-চালিত কাগজ উৎপাদনের কাগজকল ও কলকব্জা বা মেশিন আবিষ্কার ও নির্মাণ করা হয়।[2],"অনুচ্ছেদ অনুযায়ী, “কাগজের প্রচলন চীন সারাবিশ্বে ছড়িয়ে” প্রসঙ্গে কী তথ্য দেওয়া হয়েছে?",কাগজের প্রচলন চীন থেকে সারাবিশ্বে ছড়িয়ে পরে মুসলিম বিশ্বের মাধ্যমে এবং ত্রয়োদশ শতাব্দীতে মধ্যযুগের ইউরোপে কাগজের উৎপাদন শুরু হয় না।
test_0138,test,no_context,mathematics,correct,tawhid=wrong/fabricated; shejan=wrong/fabricated,yes,,চয়ন যদি ঘন্টায় ৪ মাইল বেগে ৫ মাইল বেড়ায় তবে চয়ন কতক্ষণ ভ্রমণ করছিল?,20
test_0158,test,has_context,reading_comprehension,wrong,tawhid=correct/none; shejan=wrong/contradiction,no,নিজামী ১৯৪৩ সালের ৩১শে মার্চ পাবনার সাঁথিয়া উপজেলার সলঙ্গী-মনমথপুর গ্রামে জন্মগ্রহণ করেন। ১৯৬৩ সালে কামিল এবং ১৯৬৭ সালে ঢাকা বিশ্ববিদ্যালয় থেকে স্নাতক সম্পন্ন করেন। তার পিতার নাম লুৎফর রহমান খান। ব্যক্তিগত জীবনে নিজামী সামসুন্নাহার সাথে বিবাহ বন্ধনে আবদ্ধ হন। সামসুন্নাহার ঢাকার মানারাত ইন্টারন্যাশনাল কলেজের অধ্যক্ষ হিসেবে দায়িত্ব পালন করছেন। এই দম্পত্তির চার পুত্র ও দুই কন্যা রয়েছে।,অনুচ্ছেদের ভিত্তিতে “ব্যক্তিগত জীবনে নিজামী সামসুন্নাহার সাথে” বিষয়ে কোন বক্তব্যটি সঠিক?,ব্যক্তিগত জীবনে নিজামী সামসুন্নাহার সাথে বিবাহ বন্ধনে আবদ্ধ হন নয়।
test_0169,test,has_context,law,wrong,tawhid=correct/none; shejan=correct/none,yes,বাংলাদেশের সংবিধান ১৯৭২ সালের ৪ নভেম্বর গণপরিষদে গৃহীত হয় এবং একই বছর ১৬ ডিসেম্বর বিজয় দিবসে বলবৎ হয়।,বাংলাদেশের স্বাধীনতার সাংবিধানিক যাত্রা কবে শুরু হয়েছিল?,১৯৭২ সালের ৪ নভেম্বর
test_0174,test,has_context,law,wrong,tawhid=correct/none; shejan=unsure/none,no,ভারতীয় উপমহাদেশে সাংবিধানিক ধারার বিকাশ ঘটে ১৭৭৩ সালের রেগুলেটিং অ্যাক্ট পাসের মধ্য দিয়ে এবং ক্রমান্বয়ে তা পরিবর্তিত হতে থাকে ১৯৩৫ সালের ভারত শাসন আইন পর্যন্ত।,১৮৮৫ সালে ভারতীয় জাতীয় কংগ্রেস প্রতিষ্ঠিত হয় কোন লক্ষ্যে?,সামরিক শাসন সমর্থনের লক্ষ্যে
test_0178,test,has_context,law,correct,tawhid=wrong/numeric; shejan=unsure/none,no,ভারতীয় উপমহাদেশে সাংবিধানিক ধারার বিকাশ ঘটে ১৭৭৩ সালের রেগুলেটিং অ্যাক্ট পাসের মধ্য দিয়ে এবং ক্রমান্বয়ে তা পরিবর্তিত হতে থাকে ১৯৩৫ সালের ভারত শাসন আইন পর্যন্ত।,লাহোর প্রস্তাব (পাকিস্তান প্রস্তাব) কবে গৃহীত হয়?,১৯৪০ সালের ২৩ মার্চ
test_0189,test,has_context,reading_comprehension,correct,tawhid=wrong/numeric; shejan=correct/none,no,বারবারা এস. আসকিন্স (জন্ম ১৯৩৯) একজন আমেরিকান রসায়নবিদ। তিনি অবিকশিত আলোকচিত্রের নেগেটিভ উন্নত করার একটি পদ্ধতি উদ্ভাবনের জন্য সবচেয়ে বেশি পরিচিত। এই উদ্ভাবনটি নাসা এবং চিকিৎসা শিল্পে ব্যাপকভাবে ব্যবহৃত হয়েছে। তার এই অবদানের জন্য আসকিন্স ১৯৭৮ সালে 'ন্যাশনাল ইনভেন্টর অফ দ্য ইয়ার' উপাধি লাভ করেন।,বারবারা আসকিন্স কবে জন্মগ্রহণ করেন?,আসকিন্স (জন্ম ১৯৩৯) একজন আমেরিকান রসায়নবিদ।
test_0201,test,has_context,others,correct,tawhid=wrong/numeric; shejan=correct/none,no,শরৎচন্দ্র চট্টোপাধ্যায় ১৯২৩ সালে কলকাতা বিশ্ববিদ্যালয় থেকে জগত্তারিণী স্বর্ণপদক পান। ১৯৩৬ সালে ঢাকা বিশ্ববিদ্যালয় তাঁকে ডি.লিট উপাধি দেয়।,শরৎচন্দ্র চট্টোপাধ্যায় কলিকাতা বিশ্ববিদ্যালয় থেকে জগত্তারিণী স্বর্ণপদক কত সালে পান?,১৯২৩ সালে।
test_0213,test,has_context,reading_comprehension,wrong,tawhid=correct/none; shejan=correct/none,yes,"ভাই গিরিশচন্দ্র সেন বর্তমান নরসিংদী জেলার পাঁচদোনা গ্রামে এক বিখ্যাত দেওয়ান বৈদ্যবংশে জন্মগ্রহণ করেন।[1] গিরিশচন্দ্রের পিতা ছিলেন মাধবরাম সেন এবং পিতামহ ছিলেন রামমোহন সেন। গিরিশচন্দ্ররা ছিলেন তিন ভাই। ঈশ্বরচন্দ্র সেন, হরচন্দ্র সেন এবং সর্বকনিষ্ঠ গিরিশচন্দ্র সেন। ভাই গিরিশচন্দ্র সেনের পরিবার ছিল অত্যন্ত গোঁড়াপন্থি। পরিবারে সনাতন ধর্মের আচরণ প্রয়োজনের তুলনায় একটু বাড়াবাড়ি রকমভাবেই মেনে চলা হতো। এমন একটি কুসংস্কারাচ্ছন্ন পরিবারে জন্ম নিয়েও গিরিশচন্দ্র সেন একজন সম্পূর্ণ সংস্কার মুক্ত মানুষ হয়েছিলেন। অন্য ধর্মের উপর গবেষণা করে খ্যাতি অর্জন করেছিলেন।",গিরিশচন্দ্র সেন কোথায় জন্মগ্রহণ করেন ?,নরসিংদী জেলার পাঁচদোনা গ্রামে
test_0233,test,has_context,others,correct,tawhid=wrong/numeric; shejan=correct/none,no,পদ্মা বহুমুখী সেতুর মূল কাঠামোতে ৪১টি স্প্যান ও ৪২টি পিয়ার রয়েছে। সেতুটির দৈর্ঘ্য ৬.১৫ কিলোমিটার।,পদ্মা সেতুতে মোট কতটি পিয়ার রয়েছে?,৪২টি।
test_0236,test,has_context,reading_comprehension,wrong,tawhid=correct/none; shejan=wrong/contradiction,no,"যোনি নারীর প্রজননতন্ত্রের বহির্ভাগ। যৌনসঙ্গম কালে পুরুষ তার লিঙ্গ নারীর যোনীতে প্রবিষ্ট করে এবং অঙ্গচালনার মাধ্যমে বীর্য নিক্ষেপ করে। এই বীর্য নারীর জরায়ূতে অবস্থিত ডিম্ব নিষিক্ত করে মানব ভ্রূণের জন্ম দিতে সক্ষম। অন্যদিকে, যোনী নারীর প্রধান কামাঙ্গ বা যৌনাঙ্গ। কুমারীর যোনীর অভ্যন্তরভাগে যোনিগহবর একটি পর্দা যারা আবৃত থাকে যাকে বলা হয় সতীচ্ছেদ। যৌনসঙ্গম কালে সতীচ্ছেদ ছিঁড়ে যায়। মূত্র ও নারীর মাসিক রজঃস্রাব কালে যোনী পথেই রক্তের নির্গমন হয়। স্বাভাবিক অবস্তায় যোনীপথেই মানব সন্তান ভূমিষ্ঠ হয়।[1]",পাঠ্যাংশে “স্বাভাবিক অবস্তায় যোনীপথেই মানব সন্তান” কীভাবে বর্ণিত হয়েছে?,স্বাভাবিক অবস্তায় যোনীপথেই মানব সন্তান ভূমিষ্ঠ হয় না।
test_0238,test,has_context,reading_comprehension,wrong,tawhid=correct/none; shejan=correct/none,yes,"লোর্কান জন টাকার (জন্ম ১০ সেপ্টেম্বর ১৯৯৬) একজন আইরিশ ক্রিকেটার এবং উইকেট-রক্ষক-ব্যাটসম্যান। তিনি ২০১৬ অনূর্ধ্ব-১৯ ক্রিকেট বিশ্বকাপের জন্য আয়ারল্যান্ডের স্কোয়াডের অংশ ছিলেন এবং সেপ্টেম্বর ২০১৬ সালে আয়ারল্যান্ড ক্রিকেট দলের হয়ে তার আন্তর্জাতিক অভিষেক হয়। তিনি বর্তমানে ইন্টারন্যাশনাল লিগ টি২০য়ে এমআই এমিরেট্‌সের হয়ে খেলেন। জানুয়ারি ২০২০-এ, তিনি ছিলেন ক্রিকেট আয়ারল্যান্ড থেকে কেন্দ্রীয় চুক্তিতে ভূষিত হওয়া উনিশজন খেলোয়াড়দের মধ্যে একজন, প্রথম বছর যেখানে সমস্ত চুক্তি সম্পূর্ণ সময়ের ভিত্তিতে দেওয়া হয়েছিল। ২০২২ সালে তিনি আরও দুই বছরের চুক্তিতে ভূষিত হন।",লোর্কান টাকার কবে জন্মগ্রহণ করেন?,১০ সেপ্টেম্বর ১৯৯৬
test_0243,test,has_context,history,correct,tawhid=wrong/numeric; shejan=correct/none,no,"তাঁর ইংরেজি রচনাবলি হচ্ছে: Responses in the Living and Non-living (1902), Plant Responses as a Means of Physiological Investigations (1906), Comparative Electrophysiology (1907), Physiology of the Ascent of Sap (1923), Physiology of Photosynthesis (1924), Nervous Mechanism of Plants (1925), Collected Physical Papers (1927), Motor Mechanism of Plants (1928), Growth and Tropic Movement in Plants (1929)।",জগদীশচন্দ্র বসুর 'Nervous Mechanism of Plants' গ্রন্থটি কত সালে প্রকাশিত হয়?,১৯২৫ সালে
test_0252,test,no_context,law,wrong,tawhid=correct/none; shejan=wrong/fabricated,no,,"স্থানীয় সরকার (ইউনিয়ন পরিষদ) আইন, ২০০৯-এর ধারা ৫৬-এর বিষয় কী?",বাজেট
test_0253,test,has_context,reading_comprehension,wrong,tawhid=correct/none; shejan=wrong/entity,no,"চূর্ণী পরে যাদবপুর বিশ্ববিদ্যালয়ের ছাত্রী থাকাকালীন ,১৯৮৭ সালে সুমন মুখোপাধ্যায়ের ও হবু স্বামী কৌশিক গাঙ্গুলির সঙ্গে একটি নাটিকের দল গঠন করেন। [3] চূর্ণী চিত্র পরিচালক কৌশিক গাঙ্গুলিকে বিবাহ করেন এবং তাঁদের একটি পুত্র সন্তান আছে।পুত্রের নাম উজান গাঙ্গুলি।[4]",চূর্ণী গাঙ্গুলির স্বামীর নাম কী ?,সুমন গাঙ্গুলিকে
test_0263,test,no_context,grammar,correct,tawhid=wrong/fabricated; shejan=correct/none,no,,কোনটি মধ্যাবস্থিত পশ্চাৎ স্বরধ্বনি?,ও
test_0264,test,has_context,others,correct,tawhid=wrong/relational; shejan=correct/none,no,কোরআনের প্রথম দিকের অনুবাদ ফারসি ভাষায় হয় বলে সাধারণ জ্ঞানসূত্রে উল্লেখ করা হয়। বাংলা ভাষায় পূর্ণাঙ্গ কোরআন অনুবাদের কৃতিত্ব গিরিশচন্দ্র সেনের।,প্রথম কোন ভাষায় কুরআনের অনুবাদ হয় ?,ফারসি ভাষায়।
test_0269,test,no_context,mathematics,correct,tawhid=wrong/fabricated; shejan=wrong/fabricated,yes,,সুপের একটি পরিবেশনে ১ কাপ সবজি এবং ২.৫ কাপ ঝোল থাকে। ৮টি পরিবেশনের জন্য কত পরিমান সবজি এবং ঝোল একত্রিত করতে হবে?,১৪
test_0272,test,no_context,synonym,correct,tawhid=wrong/fabricated; shejan=correct/none,no,,“গোষ্ঠী” শব্দের সমার্থক শব্দ কোনটি?,প্রবর
test_0288,test,has_context,reading_comprehension,wrong,tawhid=correct/none; shejan=wrong/contradiction,no,"ভীষ্ম প্রবল পরাক্রান্ত হয়ে উঠলে স্বয়ং কৃষ্ণ তাকে প্রতিরোধ করতে গিয়ে 'যুদ্ধে যোগদান না করার' প্রতিজ্ঞা ভঙ্গ করেন। যুদ্ধের ১০ম দিনে অর্জুন শিখণ্ডীকে (পূর্বজন্মে অম্বা) সাথে রেখে নিরস্ত্র ভীষ্মের ওপর ক্রমাগত বাণবর্ষণ করতে থাকেন ও এই বাণ দ্বারা ভীষ্ম শরশয্যায় শায়িত হয় ও তার পতন ঘটে। কৌরব পক্ষের সেনাপতি হন অস্ত্রগুরু দ্রোন। অর্জুনের পুত্র অভিমন্যু কৌরবদের চক্রব্যুহে প্রবেশ করলেও বের হবার উপায় না জানায় একা ‘সপ্তরথী’র সাথে যুদ্ধ করে নিহত হয়। এরপর কৃষ্ণের মন্ত্রণায় ভীম অশ্বত্থামা নামে একটি হাতিকে মারে ও সত্যবাদী যুধিষ্ঠির দ্রোণকে তাঁর পুত্রের মৃত্যুর মিথ্যা সংবাদ জানায় (“অশ্বত্থামা হত, ইতি গজ।”)। শোকে দ্রোণ অস্ত্রত্যাগ করলে দ্রৌপদীর ভ্রাতা ধৃষ্টদ্যুম্ন তাঁকে বধ করেন। ভীম দুঃশাসনের বুক চিরে রক্তপান করেন। সেনাপতি কর্ণ সারথি হিসেবে পান মহাবীর শল্যকে। কর্ণ ও অর্জুনের প্রবল দ্বৈরথ হয়। কর্ণ-অর্জুনের যুদ্ধে কর্ণের রথের চাকা মাটিতে বসে যায় ও কর্ণ চাকা তুলতে গেলেঅর্জুন তাঁকে বধ করেন। যুধিষ্ঠির শল্যকে ও সহদেব শকুনিকে বধ করেন। একে একে সবার মৃত্যু হয়। শেষে ভীম কৃষ্ণের ইঙ্গিতে অন্যায়ভাবে গদা দ্বারা দুর্যোধনের ঊরুভঙ্গ করে তাঁকে বধ করেন। কিন্তু গভীর রাতে অশ্বত্থামা পাণ্ডব শিবিরে প্রবেশ করে দ্রৌপদীর পঞ্চপুত্র, ধৃষ্টদ্যুম্ন প্রভৃতিদের হত্যা করেন। ক্রুদ্ধ পাণ্ডবেরা অশ্বত্থামার মস্তকের মণি হরণ করেন ও জরাগ্রস্ত অমর অশ্বত্থামা নিরুদ্দিষ্ট হন।",পাঠ্যাংশ অনুসারে “শেষে ভীম কৃষ্ণের ইঙ্গিতে অন্যায়ভাবে” সম্পর্কিত উত্তর দিন।,শেষে ভীম কৃষ্ণের ইঙ্গিতে অন্যায়ভাবে গদা দ্বারা দুর্যোধনের ঊরুভঙ্গ করে তাঁকে বধ করেন না।
test_0289,test,has_context,reading_comprehension,wrong,tawhid=correct/none; shejan=wrong/contradiction,no,"সার্বভৌমত্ব বলতে কোন দেশ বা রাষ্ট্রের নিজের অভ্যন্তরীন এবং অন্যান্যরাষ্ট্রের সঙ্গে সম্পর্ক নির্ধারণের চূড়ান্ত ক্ষমতাকে বোঝায়। সার্বভৌমত্ব কোনো পরিচালনা পর্ষদের বাইরের কোনো উৎস বা সংগঠনের হস্তক্ষেপ ছাড়া কাজ করার পূর্ণ অধিকার ও ক্ষমতা। রাজনৈতিক তত্ত্ব অনুযায়ী, সার্বভৌমত্ব কোনো একটি রাষ্ট্রব্যবস্থার উপর সর্বোচ্চ ক্ষমতা নির্দেশকারী একটি গুরুত্বপূর্ণ পরিভাষা। এটি রাষ্ট্রগঠনের সার্বভৌমত্বকেন্দ্রিক মতবাদের একটি মূলনীতি।",পাঠ্যাংশ থেকে “সার্বভৌমত্ব কোনো পরিচালনা পর্ষদের বাইরের” সম্পর্কিত সঠিক তথ্যটি লিখুন।,সার্বভৌমত্ব কোনো পরিচালনা পর্ষদের বাইরের কোনো উৎস বা সংগঠনের হস্তক্ষেপ ছাড়া কাজ করার পূর্ণ অধিকার ও ক্ষমতা নয়।
test_0312,test,no_context,science,correct,tawhid=wrong/fabricated; shejan=correct/none,no,,মাইক্রোসফট তাদের দ্বিতীয় খুচরা বিপনী বিতান কোথায় খোলে?,সিডনির পিট স্ট্রিট মল
test_0320,test,has_context,law,correct,tawhid=wrong/numeric; shejan=unsure/none,no,ভারতীয় উপমহাদেশে সাংবিধানিক ধারার বিকাশ ঘটে ১৭৭৩ সালের রেগুলেটিং অ্যাক্ট পাসের মধ্য দিয়ে এবং ক্রমান্বয়ে তা পরিবর্তিত হতে থাকে ১৯৩৫ সালের ভারত শাসন আইন পর্যন্ত।,মুসলিম লীগ মন্ত্রিমিশন পরিকল্পনা গ্রহণ করে কবে?,১৯৪৬ সালের ৬ জুন
test_0324,test,has_context,reading_comprehension,wrong,tawhid=correct/none; shejan=wrong/contradiction,no,শফি বিক্রমপুরী (৪ জুলাই ১৯৪৩ - ১৮ অক্টোবর ২০২৩) ছিলেন বাংলাদেশী চলচ্চিত্রকার ও রাজনীতিবিদ। তিনি এদেশের চলচ্চিত্র অঙ্গনের অত্যন্ত সফল এবং সকলের শ্রদ্ধাভাজন ব্যক্তি ছিলেন। তিনি ১৯৪৩ সালের ৪ঠা জুলাই মুন্সিগঞ্জ জেলার শ্রীনগর উপজেলার মত্তগ্রামে নানার বাড়ীতে জন্মগ্রহণ করেন।,অনুচ্ছেদের আলোকে “তিনি এদেশের চলচ্চিত্র অঙ্গনের অত্যন্ত” বিষয়ে প্রাসঙ্গিক তথ্যটি কী?,তিনি এদেশের চলচ্চিত্র অঙ্গনের অত্যন্ত সফল এবং সকলের শ্রদ্ধাভাজন ব্যক্তি ছিলেন না।
test_0331,test,has_context,law,correct,tawhid=wrong/relational; shejan=unsure/none,no,"ব্রাহ্ম সভা হিন্দুধর্ম সংস্কারক রাজা রামমোহন রায় (১৭৭২-১৮৩৩) কর্তৃক ১৮২৮ সালের আগস্ট মাসে প্রতিষ্ঠিত হয়, যা পরবর্তীতে ব্রাহ্ম সমাজ নামে পরিচিত হয়।",কেশবচন্দ্র সেনের কন্যার বিবাহ নিয়ে বিতর্ক সৃষ্টি হয়েছিল কার সঙ্গে?,কুচবিহারের রাজার সঙ্গে
test_0344,test,no_context,mathematics,correct,tawhid=wrong/fabricated; shejan=wrong/fabricated,yes,,"জেরিন তার কিছু ঋণ পরিশোধ করেছে। দুই মাস আগে, তিনি ১২ টাকা দিয়েছিলেন যখন গত মাসে তিনি আরও ৩ টাকা দিয়েছিলেন। যদি তার ঋণ সব মিলিয়ে ৳৫০ হয়, তবে তাকে এখনও কত টাকা দিতে হবে?",২৩
test_0346,test,no_context,grammar,correct,tawhid=correct/none; shejan=wrong/fabricated,no,,"এখন থেকেই তোমার পড়া উচিত, তবেই পরীক্ষায় প্রথম হতে পারবে।  এটা কোন বাক্যের উদাহরণ?",জটিল বাক্য
test_0362,test,has_context,others,wrong,tawhid=correct/none; shejan=wrong/numeric,no,ধারাটি একটি গুণোত্তর ধারা: প্রথম পদ ১/√২ এবং সাধারণ অনুপাত √২। n-তম পদ (1/√2)(√2)^(n−1)। এটি 8√2 হলে n=9।,ধারাটির সাধারণ অনুপাত কত?,২।
test_0387,test,no_context,science,wrong,tawhid=correct/none; shejan=wrong/fabricated,no,,বাংলাদেশে প্রায় কত প্রজাতির গেছো ব্যাঙ দেখা যায়?,১৪টি প্রজাতি
test_0388,test,has_context,reading_comprehension,wrong,tawhid=correct/none; shejan=wrong/contradiction,no,"এই সিরিজটি অনেক প্রকাশনা পুরস্কার ও প্রশংসা পেয়েছে। এগুলোর মধ্যে, প্রথম তিনটি বই, হ্যারি পটার অ্যান্ড দ্য ফিলোসফার্স স্টোন, হ্যারি পটার অ্যান্ড দ্য চেম্বার অফ সিক্রেটস এবং হ্যারি পটার অ্যান্ড দ্য প্রিজনার অফ আজকাবান, ১৯৯৭, ১৯৯৮, ১৯৯৯ সালে নেসলে স্মার্টিস বুক প্রাইজ পেয়েছে ৯-১১ বছর বয়সীদের শ্রেণীতে ।[14]",হ্যারি পটার সিরিজের দ্বিতীয় চলচ্চিত্রটির নাম কী ?,হ্যারি পটার অ্যান্ড দ্য চেম্বার অফ সিক্রেটস নয়।
test_0414,test,has_context,law,correct,tawhid=wrong/numeric; shejan=unsure/none,no,ভারতীয় উপমহাদেশে সাংবিধানিক ধারার বিকাশ ঘটে ১৭৭৩ সালের রেগুলেটিং অ্যাক্ট পাসের মধ্য দিয়ে এবং ক্রমান্বয়ে তা পরিবর্তিত হতে থাকে ১৯৩৫ সালের ভারত শাসন আইন পর্যন্ত।,পাকিস্তানের প্রথম গণপরিষদের সদস্য সংখ্যা প্রাথমিকভাবে কত ছিল এবং পরে বৃদ্ধি পেয়ে কত হয়?,"প্রাথমিকভাবে ৬৯ জন, পরে বৃদ্ধি পেয়ে ৭৯ জন"
test_0437,test,no_context,bcs,wrong,tawhid=correct/none; shejan=wrong/fabricated,no,,ঐতিহাসিক 'ছয়-দফা' বঙ্গবন্ধু শেখ মুজিবুর রহমান আনুষ্ঠানিকভাবে ঘোষণা করেন—,৫ ফেব্রুয়ারি ১৯৬৬
test_0451,test,has_context,history,correct,tawhid=wrong/entity; shejan=correct/none,no,লালবাজার ক্যাপ্টেন এ আর আজম চৌধুরী বনপুর ক্যাপ্টেন মোস্তাফিজুর রহমান,৮ নম্বর সেক্টরের লালবাজার উপ-সেক্টরের কমান্ডার কে ছিলেন?,ক্যাপ্টেন এ আর আজম চৌধুরী
test_0475,test,has_context,others,wrong,tawhid=correct/none; shejan=wrong/contradiction,no,"২৬৩-এর বর্গমূল ১৭-এর কম। ২, ৩, ৫, ৭, ১১ বা ১৩—কোনো মৌলিক সংখ্যা দিয়ে ২৬৩ নিঃশেষে বিভাজ্য নয়; তাই ২৬৩ মৌলিক। মূল প্রশ্নে বিকল্প না থাকায় কোনটি অমৌলিক তা নির্দিষ্ট করা যায় না।",নিচের কোনটি মৌলিক সংখ্যা নয়?,২৬৩ মৌলিক সংখ্যা নয়।
test_0476,test,has_context,reading_comprehension,correct,tawhid=wrong/entity; shejan=correct/none,no,"সুই সম্রাট ওয়েন প্রতিষ্ঠিত সুই সাম্রাজ্যের রাজধানী ছিল চাং'আন, ৫৮১ থেকে ৬০৫ সাল পর্যন্ত তা ডাক্সিন নামে পরিচিত ছিল এবং পরে ৬০৫ থেকে ৬১৪ পর্যন্ত লুওইয়াং নামে পরিচিত ছিল। সম্রাট ওয়েন এবং ইয়াং বেশ কিছু সংস্কার কাজ করেন, যার মধ্যে অন্যতম হল কৃষিতে সমতা প্রদান, যাতে অর্থনৈতিক অসমতা হ্রাস পায় এবং কৃষিতে উৎপাদন বৃদ্ধি পায়; তিন বিভাগ ও ছয় মন্ত্রণালয় পদ্ধতি; এবং প্রাচীন চীনের মুদ্রা প্রচলন ব্যবস্থাকে নির্দিষ্ট মানদণ্ডে নিয়ে আসা ও পুনরায় একত্রিত করা। তারা বৌদ্ধ ধর্মের প্রচার করে এবং লোকজনকে এই ধর্ম গ্রহণে উতসাহিত করে। এই সাম্রাজ্যের মাঝামাঝিতে সম্রাট ওয়েনের সময়ে জনসংখ্যা বৃদ্ধি স্বত্তেও কৃষি উৎপাদনের উদ্বৃত্ত দেখা যায়। তাই এই সময়কে এই সাম্রজ্যের সোনালি যুগ বলে গণ্য করা হয়।",সুই সাম্রাজ্যের প্রতিষ্ঠাতা কে ছিলেন ?,সুই সম্রাট ওয়েন (ইয়াং জিয়ান)।
test_0480,test,has_context,history,correct,tawhid=wrong/entity; shejan=correct/none,no,বিজ্ঞানী সত্যেন্দ্রনাথ বসু ১৯৫৮ সালে লন্ডনের রয়্যাল সোসাইটির ফেলো নির্বাচিত হন। তিনি ১৯৫২ সাল থেকে কিছুকাল পর্যন্ত পশ্চিমবঙ্গ রাজ্যসভার মনোনীত সদস্য হিসেবেও দায়িত্ব পালন করেন। এ লক্ষ্যে তিনি কলকাতায় 'বঙ্গীয় বিজ্ঞান পরিষদ' প্রতিষ্ঠা করেন এবং এ পরিষদের মুখপত্ররূপে মাসিক 'জ্ঞান ও বিজ্ঞান' প্রকাশ করেন। আন্তর্জাতিক খ্যাতিসম্পন্ন এই বিজ্ঞানীকে বিশ্বভারতী বিশ্ববিদ্যালয় কর্তৃপক্ষ 'দেশিকোত্তম' এবং ভারত সরকার 'পদ্মভূষণ' উপাধিতে ভূষিত করে।,সত্যেন্দ্রনাথ বসুকে বিশ্বভারতী বিশ্ববিদ্যালয় কর্তৃপক্ষ কোন উপাধিতে ভূষিত করে?,দেশিকোত্তম
test_0483,test,has_context,reading_comprehension,wrong,tawhid=correct/none; shejan=correct/none,yes,"সাক্ষী মালিক (জন্ম: ৩ সেপ্টেম্বর ১৯৯২) হলেন একজন ভারতীয় মহিলা কুস্তিগির। তিনি সাধারণত মহিলাদের ৫৮ কেজি ফ্রিস্টাইল শ্রেণীতে প্রতিদ্বন্দ্বিতা করে থাকেন। ২০১৬ গ্রীষ্মকালীন অলিম্পিকে তিনি মেয়েদের কুস্তির ৫৮ কেজি বিভাগে ব্রোঞ্জ পদক জয় করেন, তিনি প্রথম ভারতীয় নারী হিসেবে অলিম্পিকের কুস্তিতে পদক জয় করেন। মালির এর আগে গ্লাসগোতে অনুষ্ঠিত ২০১৪ কমনওয়েলথ গেমসে রৌপ্য এবং দোহায় ২০১৫ এশিয়ান রেসলিং চ্যাম্পিয়নশিপে ব্রোঞ্জ পদক জিতেন। এছাড়াও তিনি ২০১৪ ওয়ার্ল্ড রেসলিং চ্যাম্পিয়নশিপে মহিলাদের ফ্রিস্টাইল ৬০ কেজি শ্রেণীতে ভারতের প্রতিনিধিত্ব করেছিলেন।",সাক্ষী মালিক কবে জন্মগ্রহণ করেন?,৩ সেপ্টেম্বর ১৯৯২
test_0496,test,has_context,grammar,correct,tawhid=wrong/entity; shejan=correct/none,no,'চৌরাস্তা' শব্দটির ব্যাসবাক্য হলো: চৌ রাস্তার সমাহার।,"ব্যাসবাক্য অনুযায়ী, 'চৌরাস্তা' শব্দটি কোন সমাসের উদাহরণ?",দ্বিগু
test_0525,test,has_context,reading_comprehension,wrong,tawhid=correct/none; shejan=wrong/contradiction,no,দেবিকা রাণী নোবেল পুরস্কার বিজয়ী রবীন্দ্রনাথ ঠাকুরের আত্মীয় ছিলেন। দেবিকারানীর মা লীলা চৌধুরীর মাতামহী সৌদামিনী দেবী (গঙ্গোপাধ্যায়) ছিলেন রবীন্দ্রনাথ ঠাকুরের বড়দিদি।,প্রদত্ত তথ্য অনুযায়ী “দেবিকা রাণী নোবেল পুরস্কার বিজয়ী” সম্পর্কে কী জানা যায়?,দেবিকা রাণী নোবেল পুরস্কার বিজয়ী রবীন্দ্রনাথ ঠাকুরের আত্মীয় ছিলেন না।
test_0543,test,has_context,reading_comprehension,correct,tawhid=correct/none; shejan=wrong/entity,no,"টুথব্রাশ বা দাঁতের ব্রাশ হচ্ছে মুখে ব্যবহৃত এক ধরণের উপকরণ। এর সাহায্যে দাঁত ও মাড়ি পরিষ্কার করা হয়। সম্মুখের অংশে শক্ত করে থরে থরে সাজানো তন্তু রাখা আছে। হাতলে অল্প নড়াচড়ার মাধ্যমে মুখের অভ্যন্তরে আনাচে-কানাচে তন্তুগুলো প্রবেশ করে দাঁতকে পরিষ্কার রাখতে সহায়তা করে। বর্তমানে ফ্লুরাইডযুক্ত টুথপেস্ট প্রচলিত আছে। টুথপেস্ট ও টুথব্রাশ একে-অপরের পরিপূরক। এ দু'য়ের মিলিত প্রচেষ্টায় টুথব্রাশিংকে কার্যক্রমকে স্বার্থক ও কার্যকরী করে তোলে। টুথব্রাশ যে-কোন দোকান বা শপিং মলে পাওয়া যায়। টুথব্রাশ বিভিন্ন রংয়ের, আকার-আকৃতির হয়ে থাকে।",বর্তমানে টুথব্রাশ বা দাঁতের ব্রাশ কি দিয়ে তৈরি করা হয় ?,টুথব্রাশ বা দাঁতের ব্রাশ হচ্ছে মুখে ব্যবহৃত এক ধরণের উপকরণ।
test_0544,test,has_context,reading_comprehension,wrong,tawhid=correct/none; shejan=correct/none,yes,"শিব ঠাকরে (জন্ম ৯ সেপ্টেম্বর ১৯৮৯), হলেন একজন ভারতীয় টেলিভিশন অভিনেতা। তাঁর পুরো নাম শিব মনোহর রাও উত্তম রাও জিঙ্গুজি গণুজি ঠাকরে। ২০১৭ সালে তিনি এমটিভি রোডিজ রাইজিং -এ অংশগ্রহণ করেন। ২০১৯ সালে তিনি বিগ বস মারাঠি 2 এবং দ্য অ্যান্টি সোশ্যাল নেটওয়ার্ক -এ অংশগ্রহণ করেন এবং বিজয়ী হন। বর্তমানে, তিনি কালারস টিভির রিয়েলিটি শো বিগ বস 16 -এ অংশগ্রহণ করছেন।",শিব ঠাকরে কবে জন্মগ্রহণ করেন?,৯ সেপ্টেম্বর ১৯৮৯
test_0548,test,has_context,history,wrong,tawhid=correct/none; shejan=wrong/entity,no,"রংমহলের ৩১টি কক্ষের ২৩টিতে প্রদর্শনী উপস্থাপন করা হয়েছে। গ্যালারী ৬: আহসানুল্লাহ মেমোরিয়াল হাসপাতাল, গ্যালারী ৭: মুসলিম লীগ কক্ষ, গ্যালারী ৮: বিলিয়ার্ড কক্ষ, গ্যালারী ৯: সিন্দুক কক্ষ, গ্যালারী ২৩: বলরুম (নাচঘর)।",নিচের কোনটি আহসান মঞ্জিল জাদুঘরের প্রকৃত গ্যালারির নাম নয়? ক) মুসলিম লীগ কক্ষ খ) বিলিয়ার্ড কক্ষ গ) সিন্দুক কক্ষ ঘ) দরবার সংগ্রহশালা,ক) মুসলিম লীগ কক্ষ
test_0565,test,has_context,history,correct,tawhid=wrong/entity; shejan=correct/none,no,"৫ সিলেট-ডাউকি সড়ক থেকে সিলেট জেলার সমগ্র উত্তর ও পশ্চিমাঞ্চল বাঁশতলা মেজর মীর শওকত আলী ১০ এপ্রিল, ১৯৭১ হতে ৬ই এপ্ৰিল, ১৯৭২",৫ নম্বর সেক্টরের সদরদপ্তর কোথায় ছিল?,বাঁশতলা
test_0574,test,no_context,antonym,correct,tawhid=wrong/fabricated; shejan=correct/none,no,,'কালো' শব্দের শুদ্ধ বিপরীত শব্দ কোনটি?,আলো
test_0579,test,has_context,reading_comprehension,wrong,tawhid=correct/none; shejan=correct/none,yes,"ইলেইন লুসিল লারসন (জন্ম ২৭ এপ্রিল ১৯৪৩) একজন আমেরিকান সংক্রামক রোগ বিশেষজ্ঞ। কলাম্বিয়া বিশ্ববিদ্যালয় মেইলম্যান স্কুল অফ পাবলিক হেলথ-এর এপিডেমিওলজির অধ্যাপক হিসেবে তিনি সংক্রমণ প্রতিরোধ ও নিয়ন্ত্রণ, রোগের এপিডেমিওলজি এবং সংশ্লিষ্ট বিষয়ে চারটি বই এবং চারশোরও বেশি নিবন্ধ প্রকাশ করেছেন। ২০১৭ সালে লারসনকে আমেরিকান অ্যাকাডেমি অফ নার্সিং কর্তৃক ""লিভিং লিজেন্ড"" হিসেবে অভিহিত করা হয়, যা এই অ্যাকাডেমির সর্বোচ্চ সম্মান।",ইলেইন এল. লারসন কবে জন্মগ্রহণ করেন?,২৭ এপ্রিল ১৯৪৩
test_0592,test,has_context,reading_comprehension,correct,tawhid=wrong/entity; shejan=wrong/entity,yes,হরবোলা' শব্দটিতে 'হর' উপসর্গ ব্যবহৃত হয়েছে।,হরবোলা' শব্দে ব্যবহৃত 'হর' উপসর্গটি কোন শ্রেণির?,বিদেশি (ফারসি)।
test_0602,test,no_context,history,correct,tawhid=wrong/fabricated; shejan=correct/none,no,,বঙ্গবন্ধুর ১৯৭১ সালের ৭ মার্চ ভাষণের সময়কালে পূর্ব পাকিস্তানে যে আন্দোলন চলছিল সেটি হলো :,ইসলামাবাদের সামরিক সরকার পদত্যাগের আন্দোলন
test_0613,test,has_context,grammar,correct,tawhid=wrong/entity; shejan=correct/none,no,'উপশহর' শব্দটির ব্যাসবাক্য হলো: শহরের সদৃশ।,"ব্যাসবাক্য অনুযায়ী, 'উপশহর' শব্দটি কোন সমাসের উদাহরণ?",অব্যয়ীভাব
test_0619,test,no_context,science,wrong,tawhid=correct/none; shejan=correct/none,yes,,বাইনারি লজিকের ধারণা কোন সালে তৈরি হয়েছিল?,খ্রিস্টপূর্ব ৪৫০/৫০০ অব্দে
test_0638,test,has_context,law,wrong,tawhid=correct/none; shejan=unsure/none,no,"১৯৭১ সালের ৭ মার্চ জাতির পিতা বঙ্গবন্ধু শেখ মুজিবুর রহমান ঢাকার রেসকোর্স ময়দানে (বর্তমান শহীদ সোহরাওয়ার্দী উদ্যান) ঐতিহাসিক ভাষণ দেন, যা বাঙালি জাতিকে স্বাধীনতা সংগ্রামের পথ দেখিয়েছিল।",প্রধানমন্ত্রী শেখ হাসিনা ৭ মার্চ উপলক্ষে ২০২৩ সালে কবে বাণী দেন?,৭ মার্চ ২০২২
test_0644,test,has_context,law,wrong,tawhid=correct/none; shejan=unsure/none,no,"ব্রাহ্ম সভা হিন্দুধর্ম সংস্কারক রাজা রামমোহন রায় (১৭৭২-১৮৩৩) কর্তৃক ১৮২৮ সালের আগস্ট মাসে প্রতিষ্ঠিত হয়, যা পরবর্তীতে ব্রাহ্ম সমাজ নামে পরিচিত হয়।",কেশবচন্দ্র সেন 'নববিধান' ঘোষণা করেন কবে?,১৮৭২ সালের ফেব্রুয়ারিতে
test_0647,test,has_context,grammar,correct,tawhid=wrong/entity; shejan=correct/none,no,'অনুধাবন' শব্দটির ব্যাসবাক্য হলো: ধাবনের পশ্চাৎ।,"ব্যাসবাক্য অনুযায়ী, 'অনুধাবন' শব্দটি কোন সমাসের উদাহরণ?",অব্যয়ীভাব
test_0659,test,has_context,grammar,correct,tawhid=wrong/entity; shejan=correct/none,no,'উপজেলা' শব্দটির ব্যাসবাক্য হলো: জেলার ক্ষুদ্র।,"ব্যাসবাক্য অনুযায়ী, 'উপজেলা' শব্দটি কোন সমাসের উদাহরণ?",অব্যয়ীভাব
test_0662,test,has_context,reading_comprehension,wrong,tawhid=correct/none; shejan=correct/none,yes,"সৌরভ রাজ জৈন (জন্ম: ১লা ডিসেম্বর ১৯৮৫), হলেন একজন ভারতীয় টেলিভিশন অভিনেতা ও মডেল তারকা। সৌরভ মহাভারত (২০১৩) টিভি সিরিজে ভগবান কৃষ্ণ ভুমিকার জন্য বেশি পরিচিতি লাভ করেন।. সৌরভ উনিশ বছর বয়সে তার টেলিভিশন কর্মজীবন শুরু করেন রিমিক্স (২০০৪)-এ মধ্য দিয়ে সহকারী অভিনেতা হিসেবে। দেবো কে দেব...মহাদেব (২০১১)-এর মধ্য দিয়ে তিনি নিজেকে একজন অনন্য অভিনেতা হিসেবে প্রতিষ্ঠা করেন, যেখানে তিনি ভগবান বিষ্ণু অবতারে অভিনয় করেন। কর্ম (২০০৮ সাল)-এর ছবি দিয়ে তিনি প্রথমবারের মতন ছবিতে পা রাখেন এবং সম্প্রতি তিনি ওম নম ভেঙ্কটেশায়া দিয়ে তেলুগু ছবিতে পা রাখেন। সৌরভ রাজ জৈন জন্মে একজন জৈন হলেও তিনি বিশ্বাসে বৌদ্ধ ধর্",সৌরভ রাজ জৈন কবে জন্মগ্রহণ করেন?,১লা ডিসেম্বর ১৯৮৫
test_0667,test,has_context,reading_comprehension,wrong,tawhid=correct/none; shejan=wrong/entity,no,"মন্দোদরী ছিলেন অসুররাজ ময়াসুর ও অপ্সরা হেমার কন্যা। মন্দোদরীর তিন পুত্র ছিল: মেঘনাদ (ইন্দ্রজিৎ), অতিকায় ও অক্ষয়কুমার। রামায়ণের কোনো কোনো সংস্করণ অনুযায়ী, মন্দোদরী রামের পত্নী সীতারও গর্ভধারিণী মা। উল্লেখ্য, সীতাকেই তাঁর স্বামী রাবণ অন্যায়ভাবে চুরি করে এনেছিলেন। স্বামীর দোষ সত্ত্বেও মন্দোদরী তাঁকে ভালবাসতেন এবং তাঁকে সত্যপথে চলার উপদেশ দিতেন। মন্দোদরী বারবার সীতাকে রামের কাছে ফিরিয়ে দেওয়ার জন্য রাবণকে পরামর্শ দিয়েছিলেন। কিন্তু রাবণ তাঁর কথায় কর্ণপাত করেননি। রামায়ণে রাবণের প্রতি মন্দোদরীর ভালবাসা ও আনুগত্যের প্রশংসা করা হয়েছে।",রামায়ণ অনুসারে মন্দোদরীর মায়ের নাম কী ?,ময়াসুর
test_0685,test,has_context,law,correct,tawhid=wrong/numeric; shejan=unsure/none,no,"নারীবাদ (Feminism) ১৮৮০ সালে ফ্রান্সে, ১৮৯০ সালে যুক্তরাজ্যে এবং ১৯১০ সালে যুক্তরাষ্ট্রে বিশ্বব্যাপী আন্দোলন হিসেবে প্রচলন লাভ করে।",বেটি ফ্রিডানের 'দ্য ফেমিনিন মিস্টিক' গ্রন্থটি কোন সালে প্রকাশিত হয়?,১৯৬৩ সালে
test_0691,test,has_context,reading_comprehension,correct,tawhid=wrong/entity; shejan=wrong/entity,yes,"চূর্ণী পরে যাদবপুর বিশ্ববিদ্যালয়ের ছাত্রী থাকাকালীন ,১৯৮৭ সালে সুমন মুখোপাধ্যায়ের ও হবু স্বামী কৌশিক গাঙ্গুলির সঙ্গে একটি নাটিকের দল গঠন করেন। [3] চূর্ণী চিত্র পরিচালক কৌশিক গাঙ্গুলিকে বিবাহ করেন এবং তাঁদের একটি পুত্র সন্তান আছে।পুত্রের নাম উজান গাঙ্গুলি।[4]",চূর্ণী গাঙ্গুলির স্বামীর নাম কী ?,সুমন মুখোপাধ্যায়
test_0704,test,has_context,history,wrong,tawhid=correct/none; shejan=wrong/entity,no,"পরে একে একে সৈয়দ মুসা (রাজ-অমাত্য), সুলায়মান (প্রধান অমাত্য), মুহাম্মদ খান (সৈন্যমন্ত্রী) ও মজলিস নবরাজ (রাজস্বমন্ত্রী) কবিকে পৃষ্ঠপোষকতা দান করেন।",আলাওলের পৃষ্ঠপোষকদের মধ্যে কে সৈন্যমন্ত্রী ছিলেন?,মজলিস নবরাজ
test_0706,test,has_context,others,wrong,tawhid=correct/none; shejan=wrong/entity,no,তামিম ইকবালের টেস্ট অভিষেক হয় ২০০৮ সালের ৪ জানুয়ারি নিউজিল্যান্ডের বিপক্ষে ডানেডিনে। তাঁর ওয়ানডে অভিষেক হয় ২০০৭ সালে জিম্বাবুয়ের বিপক্ষে।,তামিম ইকবালের ওয়ানডে অভিষেক কোন দলের বিপক্ষে?,নিউজিল্যান্ডের বিপক্ষে।
test_0730,test,has_context,reading_comprehension,wrong,tawhid=correct/none; shejan=wrong/contradiction,no,আবু বকর ৫৭৩ সালের দিকে মক্কার কুরাইশ বংশের বনু তাইম গোত্রে জন্মগ্রহণ করেছেন।[6] তার বাবার নাম আবু কুহাফা ও মায়ের নাম সালমা বিনতে সাখার।,প্রদত্ত অনুচ্ছেদে “তার বাবার আবু কুহাফা মায়ের” সম্পর্কে মূল বক্তব্যটি কী?,তার বাবার নাম আবু কুহাফা ও মায়ের নাম সালমা বিনতে সাখার নয়।
test_0731,test,has_context,history,wrong,tawhid=correct/none; shejan=wrong/entity,no,"৫ সিলেট-ডাউকি সড়ক থেকে সিলেট জেলার সমগ্র উত্তর ও পশ্চিমাঞ্চল বাঁশতলা মেজর মীর শওকত আলী ১০ এপ্রিল, ১৯৭১ হতে ৬ই এপ্ৰিল, ১৯৭২",৫ নম্বর সেক্টরের সদরদপ্তর কোথায় ছিল?,ডাউকি
test_0735,test,has_context,reading_comprehension,wrong,tawhid=correct/none; shejan=wrong/contradiction,no,"এশীয় উন্নয়ন ব্যাংক (English: Asian Development Bank) বা এডিবি আঞ্চলিক উন্নয়ন ব্যাংক হিসেবে ১৯ ডিসেম্বর, ১৯৬৬ সালে প্রতিষ্ঠিত হয়।[2] এশিয়ার দেশগুলোর অর্থনৈতিক উন্নয়নকে আরো দ্রুত, বেগবান ও সহজ করাই ব্যাংকটির মূল উদ্দেশ্য।",পাঠ্যাংশ অনুসারে “এশিয়ার দেশগুলোর অর্থনৈতিক উন্নয়নকে আরো” সম্পর্কিত উত্তর দিন।,"এশিয়ার দেশগুলোর অর্থনৈতিক উন্নয়নকে আরো দ্রুত, বেগবান ও সহজ করাই ব্যাংকটির মূল উদ্দেশ্য নয়।"
test_0762,test,has_context,reading_comprehension,wrong,tawhid=correct/none; shejan=wrong/numeric,no,বারবারা এস. আসকিন্স (জন্ম ১৯৩৯) একজন আমেরিকান রসায়নবিদ। তিনি অবিকশিত আলোকচিত্রের নেগেটিভ উন্নত করার একটি পদ্ধতি উদ্ভাবনের জন্য সবচেয়ে বেশি পরিচিত। এই উদ্ভাবনটি নাসা এবং চিকিৎসা শিল্পে ব্যাপকভাবে ব্যবহৃত হয়েছে। তার এই অবদানের জন্য আসকিন্স ১৯৭৮ সালে 'ন্যাশনাল ইনভেন্টর অফ দ্য ইয়ার' উপাধি লাভ করেন।,বারবারা আসকিন্স কবে জন্মগ্রহণ করেন?,১৯৭৮
test_0765,test,no_context,grammar,correct,tawhid=wrong/fabricated; shejan=wrong/fabricated,yes,,‘বিমুগ্ধ’ শব্দের সন্ধি বিচ্ছেদ কী?,বিমু + ত
test_0782,test,has_context,reading_comprehension,wrong,tawhid=correct/none; shejan=wrong/contradiction,no,"মুন্ডা, দক্ষিণ এশিয়ার একটি বড় উপজাতি। ভারতের ঝাড়খণ্ড ও ছত্রিশগড় রাজ্যের ছোটনাগপুর অঞ্চল, মধ্যপ্রদেশ, ওড়িশা এবং পশ্চিমবঙ্গে এঁদের বাস। এছাড়া, বাংলাদেশের কোনো কোনো অঞ্চলেও এঁরা বাস করেন। মুন্ডা জনগোষ্ঠী যে ভাষায় কথা বলে, তার নাম মুন্ডারি। এটি অস্ট্রো- এশিয়াটিক ভাষা গোষ্ঠীর অন্তর্গত।[1]","অনুচ্ছেদ অনুযায়ী, “ভারতের ঝাড়খণ্ড ছত্রিশগড় রাজ্যের ছোটনাগপুর” প্রসঙ্গে কী তথ্য দেওয়া হয়েছে?","ভারতের ঝাড়খণ্ড ও ছত্রিশগড় রাজ্যের ছোটনাগপুর অঞ্চল, মধ্যপ্রদেশ, ওড়িশা এবং পশ্চিমবঙ্গে এঁদের বাস নয়।"
test_0788,test,has_context,others,correct,tawhid=wrong/contradiction; shejan=correct/none,no,"২৬৩-এর বর্গমূল ১৭-এর কম। ২, ৩, ৫, ৭, ১১ বা ১৩—কোনো মৌলিক সংখ্যা দিয়ে ২৬৩ নিঃশেষে বিভাজ্য নয়; তাই ২৬৩ মৌলিক। মূল প্রশ্নে বিকল্প না থাকায় কোনটি অমৌলিক তা নির্দিষ্ট করা যায় না।",নিচের কোনটি মৌলিক সংখ্যা নয়?,প্রদত্ত বিকল্প ছাড়া নির্দিষ্ট অমৌলিক সংখ্যা বলা যায় না; ২৬৩ নিজেই একটি মৌলিক সংখ্যা।
test_0811,test,has_context,reading_comprehension,wrong,tawhid=correct/none; shejan=wrong/contradiction,no,"দর্শন শব্দটি ইংরেজি philosophy শব্দ থেকে এসেছে। ফিলোসফি শব্দটি এসেছে প্রাচীন গ্রিক ভাষা থেকে। গ্রিক ভাষায় φιλοσοφία (philosophía) শব্দটি দুটি শব্দ থেকে উৎপত্তি লাভ করেছে। শব্দ দুটি হল: φίλος (ফিলোস: বন্ধু, ভালোবাসার পাত্র) এবং σοφία (সোফিয়া: প্রজ্ঞা)। [2][3] এ থেকে স্পষ্টতই বোঝা যায়, দর্শনের সাথে মূল সম্পর্ক হচ্ছে প্রজ্ঞার, আরও নির্দিষ্টভাবে বলতে গেলে, প্রজ্ঞার প্রতি ভালোবাসার। জ্ঞান এবং প্রজ্ঞা এক জিনিস নয়। ঘটনা ও তথ্য সম্পর্কে স্পষ্ট ও নির্ভুল ধারণা থেকে জ্ঞান লাভ করা যায়, কিন্তু দার্শনিক (যিনি দর্শন চর্চা করেন তাকেই দার্শনিক বলা হয়) কেবল তথ্যগত জ্ঞানের উপর নির্ভর করেন না। দর্শনের প্রধান কাম্য বিষয় প্রজ্ঞা। প্রজ্ঞার অনুসন্ধান ও চর্চার মাধ্যমেই দর্শন বিকাশ লাভ করে। পিথাগোরাস সারা জীবন প্রজ্ঞার সাধনা করেছেন, কখনও জ্ঞানের গরিমা অনুভব করেননি। এজন্য তিনি দার্শনিক হিসেবে বিদগ্ধ। দর্শনের জন্য যে প্রজ্ঞা কাম্য তার মধ্যে রয়েছে, অন্তর্দৃষ্টি, দৃষ্টিভঙ্গির অভ্রান্ততা, বিচারের ভারসাম্য ও বিশ্লেষণের সামঞ্জস্য।[4]",অনুচ্ছেদের ভিত্তিতে “শব্দ দুটি হল ফিলোস বন্ধু” বিষয়ে কোন বক্তব্যটি সঠিক?,"শব্দ দুটি হল: φίλος (ফিলোস: বন্ধু, ভালোবাসার পাত্র) এবং σοφία (সোফিয়া: প্রজ্ঞা) নয়।"
test_0817,test,has_context,grammar,correct,tawhid=wrong/relational; shejan=correct/none,no,'শোকার্ত' শব্দটির ব্যাসবাক্য হলো: শোক দ্বারা আর্ত।,"ব্যাসবাক্য অনুযায়ী, 'শোকার্ত' শব্দটি কোন সমাসের উদাহরণ?",তৃতীয়া তৎপুরুষ
test_0842,test,has_context,others,correct,tawhid=wrong/numeric; shejan=correct/none,no,"আকৃতি অনুসারে আবরণী বা এপিথেলিয়াল টিস্যুর প্রধান তিন ধরন হলো স্কোয়ামাস, কিউবয়ডাল ও কলামনার।","আকৃতি, অবস্থান ও কাজের প্রকৃতিভেদে আবরণী টিস্যু কত ধরনের?",৩ ধরনের।
test_0858,test,has_context,others,wrong,tawhid=correct/none; shejan=wrong/numeric,no,পদ্মা বহুমুখী সেতুর মূল কাঠামোতে ৪১টি স্প্যান ও ৪২টি পিয়ার রয়েছে। সেতুটির দৈর্ঘ্য ৬.১৫ কিলোমিটার।,পদ্মা সেতুতে মোট কতটি পিয়ার রয়েছে?,৪১টি।
test_0860,test,has_context,law,correct,tawhid=wrong/numeric; shejan=unsure/none,no,"নারীবাদ (Feminism) ১৮৮০ সালে ফ্রান্সে, ১৮৯০ সালে যুক্তরাজ্যে এবং ১৯১০ সালে যুক্তরাষ্ট্রে বিশ্বব্যাপী আন্দোলন হিসেবে প্রচলন লাভ করে।",জাতিসংঘের সাধারণ পরিষদে 'নারীর প্রতি সকল প্রকার বৈষম্য বিলোপ সনদ' (সিডও/CEDAW) কবে গৃহীত হয়?,১৯৭৯ সালের ৩ সেপ্টেম্বর
test_0865,test,has_context,law,correct,tawhid=wrong/relational; shejan=unsure/none,no,"১৯৭১ সালের ৭ মার্চ জাতির পিতা বঙ্গবন্ধু শেখ মুজিবুর রহমান ঢাকার রেসকোর্স ময়দানে (বর্তমান শহীদ সোহরাওয়ার্দী উদ্যান) ঐতিহাসিক ভাষণ দেন, যা বাঙালি জাতিকে স্বাধীনতা সংগ্রামের পথ দেখিয়েছিল।",বঙ্গবন্ধু শেখ মুজিবুর রহমানকে সপরিবারে হত্যা করা হয় কবে?,১৯৭৫ সালের ১৫ আগস্ট
test_0869,test,has_context,reading_comprehension,correct,tawhid=correct/none; shejan=wrong/relational,no,তৌকির আহমেদ-এর পরিচালনায় অজ্ঞাতনামা চলচ্চিত্রে ফজলুর রহমান বাবুর অভিনয় প্রশংসিত হওয়ার পর তাকে আবার এই চলচ্চিত্রের জন্য নির্বাচন করা হয়। মুহম্মদ মোস্তফা কামাল রাজ পরিচালিত প্রজাপতির পর এই চলচ্চিত্রে দ্বিতীয়বারের মত একসাথে কাজ করেন জাহিদ হাসান ও মোশাররফ করিম। জাহিদ হাসানের এটি তৌকীরের পরিচালনায় প্রথম চলচ্চিত্র। তবে তারা একসঙ্গে নাট্যকেন্দ্রে মঞ্চ নাটক করেছেন। অন্যদিকে মোশাররফ করিম তৌকীরের আগের চারটি চলচ্চিত্রেই অভিনয় করেন। প্রধান দুটি নারী চরিত্রে অভিনয় করেছেন নুসরাত ইমরোজ তিশা এবং রুনা খান। এটি তাদের দুজনেরই তৌকীরের পরিচালনায় প্রথম চলচ্চিত্র।[7] তিশা অভিনীত চরিত্রের নাম হাসু এবং এই চরিত্রের জন্য তাকে নির্বাচন করেছিলেন তৌকিরের স্ত্রী অভিনেত্রী বিপাশা হায়াত। তিশা এই প্রসঙ্গে বলেন তিনি বিপাশা হায়াতের প্রতি কৃতজ্ঞ।[6],অজ্ঞাতনামা চলচ্চিত্রটির সংগীত পরিচালক কে ছিলেন ?,তৌকির আহমেদ
test_0886,test,has_context,law,correct,tawhid=wrong/numeric; shejan=unsure/none,no,"১৯৭১ সালের ৭ মার্চ জাতির পিতা বঙ্গবন্ধু শেখ মুজিবুর রহমান ঢাকার রেসকোর্স ময়দানে (বর্তমান শহীদ সোহরাওয়ার্দী উদ্যান) ঐতিহাসিক ভাষণ দেন, যা বাঙালি জাতিকে স্বাধীনতা সংগ্রামের পথ দেখিয়েছিল।",প্রধানমন্ত্রী শেখ হাসিনা ৭ মার্চ উপলক্ষে ২০২৩ সালে কবে বাণী দেন?,৬ মার্চ ২০২৩
test_0892,test,has_context,reading_comprehension,wrong,tawhid=correct/none; shejan=wrong/contradiction,no,বিসমার্কের যুগে জার্মানিতে প্রথম ক্যাডেট কলেজ ব্যবস্থা প্রবর্তিত হয়। সামরিক বাহিনীতে যোগ্য কর্মকর্তা তৈরীতে অল্প বয়স থেকেই প্রশিক্ষণ শুরু করানোটা বিশেষ গুরুত্ব বহন করতে পারে। এই ধারণাই তৎকালীন ক্যাডেট কলেজ পদ্ধতির চালিকাশক্তি ছিল। নেপোলিয়নের যুগে ফ্রান্সে সামরিক দক্ষতা বৃদ্ধির একটি অন্যতম উপাদান হিসেবে ক্যাডেট কলেজ পদ্ধতি গৃহীত হয়।,পাঠ্যাংশে “সামরিক বাহিনীতে যোগ্য কর্মকর্তা তৈরীতে” কীভাবে বর্ণিত হয়েছে?,সামরিক বাহিনীতে যোগ্য কর্মকর্তা তৈরীতে অল্প বয়স থেকেই প্রশিক্ষণ শুরু করানোটা বিশেষ গুরুত্ব বহন করতে পারে নয়।
test_0894,test,has_context,law,wrong,tawhid=correct/none; shejan=wrong/contradiction,no,সরকার প্রশাসককে কর্মসম্পাদনে সহায়তা করিবার জন্য প্রয়োজনীয় সংখ্যক সদস্য সমন্বয়ে কমিটি গঠন করিতে পারিবে।,"প্রদত্ত প্রসঙ্গ অনুযায়ী স্থানীয় সরকার (ইউনিয়ন পরিষদ) আইন, ২০০৯-এর ধারা ১৮ সম্পর্কে কী বলা হয়েছে?",সরকার প্রশাসককে কর্মসম্পাদনে সহায়তা করিবার জন্য প্রয়োজনীয় সংখ্যক সদস্য সমন্বয়ে কমিটি গঠন করিতে পারিবে না।
test_0904,test,has_context,reading_comprehension,wrong,tawhid=correct/none; shejan=correct/none,yes,সালমান খানের দাদাবাড়ি বাংলাদেশের বরিশালে। তাঁর বাবা ডা. ফখরুল আমিন খান চিকিৎসক ছিলেন। তাঁর দাদা আব্দুল ওয়াহাব খান ছিলেন মুসলিম লীগের নেতা এবং পাকিস্তান জাতীয় পরিষদের স্পিকার (১৯৫৫-৫৮)। সালমানের বাবা অভিবাসী হয়ে পাড়ি জমান যুক্তরাষ্ট্রে। সেখানেই লুইজিয়ানার নিউ অরলিন্স শহরে সালমানের জন্ম (১৯৭৬) এবং বেড়ে ওঠা। ১৯৯১ সালে মাত্র ১৪ বছর বয়সেই বাবাকে হারান।[5][6],খান একাডেমী'র প্রতিষ্ঠাতা সালমান আমিন খানের বাবার নাম কী ?,ডা. ফখরুল আমিন খান
test_0907,test,has_context,history,correct,tawhid=wrong/entity; shejan=wrong/entity,yes,"বঙ্গবন্ধুর ১৯৭১ সালের ৭ মার্চ ভাষণের সময়কালে পূর্ব পাকিস্তানে যে আন্দোলন চলছিল সেটি হলো পূর্ব পাকিস্তানের অসহযোগ আন্দোলন। ১৯৭০ সালের সাধারণ নির্বাচনে আওয়ামী লীগের নিরঙ্কুশ জয়ের পর পাকিস্তানি সামরিক জান্তা ক্ষমতা হস্তান্তর না করায়, ১ মার্চ জাতীয় পরিষদের অধিবেশন স্থগিত করা হয়। এর প্রতিবাদে ও স্বাধিকারের দাবিতে ২ মার্চ থেকে শেখ মুজিবুর রহমানের আহ্বানে পূর্ব পাকিস্তানে এই অসহযোগ আন্দোলন শুরু হয়, যা ২৫ মার্চ পর্যন্ত অব্যাহত ছিল।",বঙ্গবন্ধু শেখমুজিবুর রহমানের ৭ মার্চের ভাষণ কোথায় অনুষ্ঠিত হয়?,রেসকোর্স ময়দানে
test_0914,test,has_context,reading_comprehension,wrong,tawhid=correct/none; shejan=wrong/contradiction,no,কাগজের প্রচলন চীন থেকে সারাবিশ্বে ছড়িয়ে পরে মুসলিম বিশ্বের মাধ্যমে এবং ত্রয়োদশ শতাব্দীতে মধ্যযুগের ইউরোপে কাগজের উৎপাদন শুরু হয়। যেখানে সর্বপ্রথম পানি-চালিত কাগজ উৎপাদনের কাগজকল ও কলকব্জা বা মেশিন আবিষ্কার ও নির্মাণ করা হয়।[2],পাঠ্যাংশ অনুসারে “যেখানে পানি চালিত কাগজ উৎপাদনের” সম্পর্কিত উত্তর দিন।,যেখানে সর্বপ্রথম পানি-চালিত কাগজ উৎপাদনের কাগজকল ও কলকব্জা বা মেশিন আবিষ্কার ও নির্মাণ করা হয় না।
test_0947,test,has_context,law,correct,tawhid=wrong/numeric; shejan=unsure/none,no,"১৯৭১ সালের ৭ মার্চ জাতির পিতা বঙ্গবন্ধু শেখ মুজিবুর রহমান ঢাকার রেসকোর্স ময়দানে (বর্তমান শহীদ সোহরাওয়ার্দী উদ্যান) ঐতিহাসিক ভাষণ দেন, যা বাঙালি জাতিকে স্বাধীনতা সংগ্রামের পথ দেখিয়েছিল।",বঙ্গবন্ধু শেখ মুজিবুর রহমানের নেতৃত্বে আওয়ামী লীগ পাকিস্তানিদের বিরুদ্ধে কত বছর ধরে ন্যায্য অধিকার আদায়ের সংগ্রাম করেছিল বলে উল্লেখ আছে?,দীর্ঘ ২৪ বছর
test_0953,test,has_context,reading_comprehension,wrong,tawhid=correct/none; shejan=wrong/entity,no,"সুই সম্রাট ওয়েন প্রতিষ্ঠিত সুই সাম্রাজ্যের রাজধানী ছিল চাং'আন, ৫৮১ থেকে ৬০৫ সাল পর্যন্ত তা ডাক্সিন নামে পরিচিত ছিল এবং পরে ৬০৫ থেকে ৬১৪ পর্যন্ত লুওইয়াং নামে পরিচিত ছিল। সম্রাট ওয়েন এবং ইয়াং বেশ কিছু সংস্কার কাজ করেন, যার মধ্যে অন্যতম হল কৃষিতে সমতা প্রদান, যাতে অর্থনৈতিক অসমতা হ্রাস পায় এবং কৃষিতে উৎপাদন বৃদ্ধি পায়; তিন বিভাগ ও ছয় মন্ত্রণালয় পদ্ধতি; এবং প্রাচীন চীনের মুদ্রা প্রচলন ব্যবস্থাকে নির্দিষ্ট মানদণ্ডে নিয়ে আসা ও পুনরায় একত্রিত করা। তারা বৌদ্ধ ধর্মের প্রচার করে এবং লোকজনকে এই ধর্ম গ্রহণে উতসাহিত করে। এই সাম্রাজ্যের মাঝামাঝিতে সম্রাট ওয়েনের সময়ে জনসংখ্যা বৃদ্ধি স্বত্তেও কৃষি উৎপাদনের উদ্বৃত্ত দেখা যায়। তাই এই সময়কে এই সাম্রজ্যের সোনালি যুগ বলে গণ্য করা হয়।",সুই সাম্রাজ্যের প্রতিষ্ঠাতা কে ছিলেন ?,ইয়াং সম্রাট ওয়েন
test_0958,test,has_context,reading_comprehension,wrong,tawhid=correct/none; shejan=correct/none,yes,"অলকা সাদাত (ফার্সি: الکا سادات, (জন্ম ১৯৮৮) একজন আফগান ডকুমেন্টারি এবং পূর্ণদৈর্ঘ্য চলচ্চিত্র প্রযোজক, পরিচালক এবং ক্যামেরাম্যান। তিনি তার প্রথম ২৫ মিনিটের চলচ্চিত্র হাফ ভ্যালু লাইফের মাধ্যমে বিখ্যাত হয়েছিলেন, যা সামাজিক অন্যায় ও অপরাধকে তুলে ধরে; ছবিটি বেশ কয়েকটি পুরস্কার জিতেছে। তিনি প্রথম আফগান নারী চলচ্চিত্র প্রযোজক ও পরিচালক রোয়া সাদাতের ছোট বোন। দুই বোন ২০০৪ থেকে অনেক চলচ্চিত্র প্রযোজনায় সহযোগিতা করেছেন এবং রোয়া ফিল্ম হাউস প্রতিষ্ঠায় সহায়ক ছিলেন। তার প্রথম চলচ্চিত্রের জন্য তিনি আফগান শান্তি পুরস্কার পেয়েছিলেন এবং তারপর থেকে তিনি অনেক প্রামাণ্যচিত্র তৈরি করেছেন যার জন্য তিনি প্",অলকা সাদাত কবে জন্মগ্রহণ করেন?,১৯৮৮
test_0968,test,has_context,grammar,correct,tawhid=wrong/relational; shejan=correct/none,no,'শয়নকক্ষ' শব্দটির ব্যাসবাক্য হলো: শয়নের নিমিত্ত কক্ষ।,"ব্যাসবাক্য অনুযায়ী, 'শয়নকক্ষ' শব্দটি কোন সমাসের উদাহরণ?",চতুর্থী তৎপুরুষ
test_0972,test,no_context,law,correct,tawhid=wrong/fabricated; shejan=correct/none,no,,"স্থানীয় সরকার (ইউনিয়ন পরিষদ) আইন, ২০০৯-এর ধারা ৫৬-এর বিষয় কী?",দায়যুক্ত ব্যয়
test_0974,test,has_context,reading_comprehension,wrong,tawhid=wrong/numeric; shejan=correct/none,no,আলচি বৌদ্ধবিহারের প্রতিষ্ঠাতা হিসেবে রিন-ছেন-ব্জাং-পো (জীবনকাল: ৯৫৮-১০৫৫) নামক বিখ্যাত তিব্বতী বৌদ্ধ পন্ডিতের উল্লেখ করা হয়। কিন্তু রজার গোয়েপ্পার এই বিহারের সবচেয়ে পুরাতন ভবনগুলির মধ্য অন্যতম গ্সুম-ব্র্তসেগ্স মন্দিরটি ত্রয়োদশ শতাব্দীর প্রথম চতুর্থাংশে নির্মিত হয়েছিল বলে হিসেব করেছেন। এই মন্দিরের তৃতীয় তলার প্রবেশদ্বারের দেওয়ালে 'ব্রি-কুং-ব্কা'-ব্র্গ্যুদ ধর্মসম্প্রদায়ের যোগীদের চিত্রে এই ধর্মসম্প্রদায়ের প্রতিষ্ঠাতা 'জিগ-র্তেন-ম্গোন-পো-রিন-ছেন-দ্পালের (জীবনকাল: ১১৪৩-১২১৭) চিত্র শেষে আঁকা হয়েছে বলে মনে করা হয় যে এই মন্দির 'জিগ-র্তেন-ম্গোন-পো-রিন-ছেন-দ্পালের মৃত্যুর পর ত্রয়োদশ শতাব্দীর শুরুতে নির্মিত হয়েছে।[4]:৭৩[5][6] এই সময় আলচি সহ নিম্ন লাদাখ মধ্য তিব্বতের 'ব্রো নামক পরিবারগোষ্ঠীর শাসনাধীন ছিল।,পাঠ্যাংশ থেকে “৭৩ আলচি সহ নিম্ন লাদাখ” সম্পর্কিত সঠিক তথ্যটি লিখুন।,:৭৪ এই সময় আলচি সহ নিম্ন লাদাখ মধ্য তিব্বতের 'ব্রো নামক পরিবারগোষ্ঠীর শাসনাধীন ছিল।
test_0995,test,has_context,history,wrong,tawhid=correct/none; shejan=wrong/relational,no,বিজ্ঞানী সত্যেন্দ্রনাথ বসু ১৯৫৮ সালে লন্ডনের রয়্যাল সোসাইটির ফেলো নির্বাচিত হন। তিনি ১৯৫২ সাল থেকে কিছুকাল পর্যন্ত পশ্চিমবঙ্গ রাজ্যসভার মনোনীত সদস্য হিসেবেও দায়িত্ব পালন করেন। এ লক্ষ্যে তিনি কলকাতায় 'বঙ্গীয় বিজ্ঞান পরিষদ' প্রতিষ্ঠা করেন এবং এ পরিষদের মুখপত্ররূপে মাসিক 'জ্ঞান ও বিজ্ঞান' প্রকাশ করেন। আন্তর্জাতিক খ্যাতিসম্পন্ন এই বিজ্ঞানীকে বিশ্বভারতী বিশ্ববিদ্যালয় কর্তৃপক্ষ 'দেশিকোত্তম' এবং ভারত সরকার 'পদ্মভূষণ' উপাধিতে ভূষিত করে।,সত্যেন্দ্রনাথ বসুকে বিশ্বভারতী বিশ্ববিদ্যালয় কর্তৃপক্ষ কোন উপাধিতে ভূষিত করে?,পদ্মভূষণ
test_1031,test,has_context,grammar,correct,tawhid=wrong/entity; shejan=correct/none,no,'প্রীতিভোজ' শব্দটির ব্যাসবাক্য হলো: প্রীতি উপলক্ষে ভোজ।,"ব্যাসবাক্য অনুযায়ী, 'প্রীতিভোজ' শব্দটি কোন সমাসের উদাহরণ?",মধ্যপদলোপী কর্মধারয়
test_1034,test,no_context,science,correct,tawhid=wrong/fabricated; shejan=correct/none,no,,বাংলাদেশে প্রায় কত প্রজাতির গেছো ব্যাঙ দেখা যায়?,প্রায় ৭ প্রজাতি
test_1053,test,no_context,bcs,correct,tawhid=wrong/fabricated; shejan=correct/none,no,,ঐতিহাসিক 'ছয়-দফা' বঙ্গবন্ধু শেখ মুজিবুর রহমান আনুষ্ঠানিকভাবে ঘোষণা করেন—,২৩ মার্চ ১৯৬৬
test_1074,test,has_context,others,wrong,tawhid=correct/none; shejan=wrong/numeric,no,শরৎচন্দ্র চট্টোপাধ্যায় ১৯২৩ সালে কলকাতা বিশ্ববিদ্যালয় থেকে জগত্তারিণী স্বর্ণপদক পান। ১৯৩৬ সালে ঢাকা বিশ্ববিদ্যালয় তাঁকে ডি.লিট উপাধি দেয়।,শরৎচন্দ্র চট্টোপাধ্যায় কলিকাতা বিশ্ববিদ্যালয় থেকে জগত্তারিণী স্বর্ণপদক কত সালে পান?,১৯৩৬ সালে।
test_1079,test,no_context,mathematics,correct,tawhid=wrong/fabricated; shejan=wrong/fabricated,yes,,গোয়ালে ৩০ খড়ের আঁটি এবং খামারে ২০ টি খড়ের আঁটি ছিল। তন্ময় গোয়ালে আর কিছু খড়ের আঁটি রেখেছে। গোয়ালে এখন ৬০ টি খড়ের আঁটি রয়েছে। তিনি গোয়ালে কয়টি খড়ের আঁটি রেখে ছিলেন?,90
test_1093,test,has_context,reading_comprehension,wrong,tawhid=correct/none; shejan=correct/none,yes,"মোহাম্মদ মোসাদ্দেক আলী ফালু (জন্ম ৭ এপ্রিল ১৯৬০) একজন বাংলাদেশী উদ্যোক্তা এবং একজন রাজনীতিবিদ যিনি বিএনপির সাবেক সংসদ সদস্য ছিলেন। তিনি ২০০১ থেকে ২০০৪ সাল পর্যন্ত সে সময়ের বাংলাদেশের প্রধানমন্ত্রী বেগম খালেদা জিয়ার রাজনৈতিক সচিব হিসেবে দায়িত্ব পালন করেন। ফালু ২০০৩ সালে, বাংলাদেশের প্রথম অটোমেশন ভিত্তিক বেসরকারি স্যাটেলাইট টেলিভিশন স্টেশন ইন্টারন্যাশনাল টেলিভিশন চ্যানেল লিমিটেড (এনটিভি) চালু করেন। তিনি আরও একটি বেসরকারি স্যাটেলাইট চ্যানেল আরটিভি এবং বাংলা দৈনিক পত্রিকা দৈনিক আমার দেশ প্রতিষ্ঠা করেন। তিনি টেলিভিশন চ্যানেল মালিকদের (এসটিসিও) সমিতির প্রতিষ্ঠাতা সভাপতি।",মোসাদ্দেক আলী ফালু কবে জন্মগ্রহণ করেন?,৭ এপ্রিল ১৯৬০
test_1102,test,no_context,grammar,wrong,tawhid=wrong/fabricated; shejan=correct/none,no,,"এখন থেকেই তোমার পড়া উচিত, তবেই পরীক্ষায় প্রথম হতে পারবে।  এটা কোন বাক্যের উদাহরণ?",যৌগিক বাক্য
test_1119,test,has_context,reading_comprehension,wrong,tawhid=correct/none; shejan=wrong/contradiction,no,"সুই সম্রাট ওয়েন প্রতিষ্ঠিত সুই সাম্রাজ্যের রাজধানী ছিল চাং'আন, ৫৮১ থেকে ৬০৫ সাল পর্যন্ত তা ডাক্সিন নামে পরিচিত ছিল এবং পরে ৬০৫ থেকে ৬১৪ পর্যন্ত লুওইয়াং নামে পরিচিত ছিল। সম্রাট ওয়েন এবং ইয়াং বেশ কিছু সংস্কার কাজ করেন, যার মধ্যে অন্যতম হল কৃষিতে সমতা প্রদান, যাতে অর্থনৈতিক অসমতা হ্রাস পায় এবং কৃষিতে উৎপাদন বৃদ্ধি পায়; তিন বিভাগ ও ছয় মন্ত্রণালয় পদ্ধতি; এবং প্রাচীন চীনের মুদ্রা প্রচলন ব্যবস্থাকে নির্দিষ্ট মানদণ্ডে নিয়ে আসা ও পুনরায় একত্রিত করা। তারা বৌদ্ধ ধর্মের প্রচার করে এবং লোকজনকে এই ধর্ম গ্রহণে উতসাহিত করে। এই সাম্রাজ্যের মাঝামাঝিতে সম্রাট ওয়েনের সময়ে জনসংখ্যা বৃদ্ধি স্বত্তেও কৃষি উৎপাদনের উদ্বৃত্ত দেখা যায়। তাই এই সময়কে এই সাম্রজ্যের সোনালি যুগ বলে গণ্য করা হয়।",পাঠ্যাংশে “তাই সময়কে সাম্রজ্যের সোনালি যুগ” কীভাবে বর্ণিত হয়েছে?,তাই এই সময়কে এই সাম্রজ্যের সোনালি যুগ বলে গণ্য করা হয় না।
test_1122,test,has_context,grammar,correct,tawhid=wrong/relational; shejan=correct/none,no,'গো' ও 'অক্ষ' শব্দ দুটির সন্ধিতে নতুন শব্দ গঠিত হয় (নিপাতনে সিদ্ধ স্বরসন্ধি)।,'গো' ও 'অক্ষ' শব্দ দুটির সন্ধিতে কোন শব্দ গঠিত হয়?,গবাক্ষ
test_1123,test,has_context,history,wrong,tawhid=correct/none; shejan=wrong/relational,no,লালবাজার ক্যাপ্টেন এ আর আজম চৌধুরী বনপুর ক্যাপ্টেন মোস্তাফিজুর রহমান,৮ নম্বর সেক্টরের লালবাজার উপ-সেক্টরের কমান্ডার কে ছিলেন?,ক্যাপ্টেন মোস্তাফিজুর রহমান
test_1134,test,has_context,grammar,correct,tawhid=wrong/entity; shejan=correct/none,no,'তেমাথা' শব্দটির ব্যাসবাক্য হলো: তিন মাথার সমাহার।,"ব্যাসবাক্য অনুযায়ী, 'তেমাথা' শব্দটি কোন সমাসের উদাহরণ?",দ্বিগু
test_1141,test,has_context,history,wrong,tawhid=unsure/none; shejan=correct/none,no,"উমাইয়া মসজিদ কমপ্লেক্সে মোট তিনটি মিনার আছে। মাধানাত আল-আরুস (দ্য মিনারেট অব দ্য ব্রাইড) হল নির্মিত প্রথম মিনার, যা মসজিদের উত্তরদিকের দেয়ালে অবস্থিত। মাধানাত ঈসা (দ্য মিনারেট অব জেসাস) মসজিদ কমপ্লেক্সের দক্ষিণ-পূর্ব দিকে অবস্থিত ও উচ্চতম মিনার, যার উচ্চতা প্রায় ৭৭ মিঃ (২৫৩ ফুট); এর বর্তমান কাঠামো ১২৪৭ সালে নির্মিত হয়। মাধানাত আল-ঘারবিয়্যা যা মিনার অব কাইতবাই নামেও পরিচিত, তা মামলুক সুলতান কাইতবাঈ ১৪৮৮ সালে নির্মাণ করেন।",মাধানাত আল-ঘারবিয়্যা মিনারটি অন্য কী নামে পরিচিত?,মিনার অব কাইতবাঈ
test_1158,test,no_context,bcs,correct,tawhid=wrong/fabricated; shejan=wrong/fabricated,yes,,বাংলাদেশের অতি পরিচিত খাদ্য গোলআলু কোথা থেকে আনা হয়েছিল?,ইউরোপের হল্যান্ড থেকে
test_1166,test,has_context,law,correct,tawhid=wrong/entity; shejan=unsure/none,no,"১৯৭১ সালের ৭ মার্চ জাতির পিতা বঙ্গবন্ধু শেখ মুজিবুর রহমান ঢাকার রেসকোর্স ময়দানে (বর্তমান শহীদ সোহরাওয়ার্দী উদ্যান) ঐতিহাসিক ভাষণ দেন, যা বাঙালি জাতিকে স্বাধীনতা সংগ্রামের পথ দেখিয়েছিল।",একটি ব্রিটিশ পত্রিকা বঙ্গবন্ধু ভবনকে কোন ঐতিহাসিক স্থাপনার সঙ্গে তুলনা করেছিল?,১০ ডাউনিং স্ট্রিটের সঙ্গে
test_1172,test,has_context,law,correct,tawhid=wrong/numeric; shejan=wrong/numeric,yes,বাংলাদেশের সংবিধান ১৯৭২ সালের ৪ নভেম্বর গণপরিষদে গৃহীত হয় এবং একই বছর ১৬ ডিসেম্বর বিজয় দিবসে বলবৎ হয়।,বাংলাদেশের স্বাধীনতার সাংবিধানিক যাত্রা কবে শুরু হয়েছিল?,"১৯৭১ সালের ১০ এপ্রিল, স্বাধীনতার ঘোষণাপত্রের মাধ্যমে"
test_1173,test,has_context,law,correct,tawhid=wrong/entity; shejan=unsure/none,no,ভারতীয় উপমহাদেশে সাংবিধানিক ধারার বিকাশ ঘটে ১৭৭৩ সালের রেগুলেটিং অ্যাক্ট পাসের মধ্য দিয়ে এবং ক্রমান্বয়ে তা পরিবর্তিত হতে থাকে ১৯৩৫ সালের ভারত শাসন আইন পর্যন্ত।,"মন্ত্রিমিশন পরিকল্পনায় (Cabinet Mission Plan, ১৯৪৬) কতজন সদস্য ছিলেন এবং তারা কারা ছিলেন?","তিনজন — লর্ড পেথিক লরেন্স, এ. ভি. আলেকজান্ডার এবং স্যার স্ট্যাফোর্ড ক্রিপস"
test_1180,test,has_context,reading_comprehension,wrong,tawhid=correct/none; shejan=wrong/contradiction,no,"নূহ-উল-আলম লেনিন (জন্ম ১৭ এপ্রিল ১৯৪৭) একজন বাংলাদেশি রাজনীতিবিদ, গবেষক, লেখক ও সংগঠক। তিনি বাংলাদেশ আওয়ামী লীগ এর কেন্দ্রীয় কমিটির সাবেক প্রেসিডিয়াম সদস্য এবং বাংলাদেশ আওয়ামী লীগ এর মুখপত্র মাসিক 'উত্তরণ' এর সম্পাদক ও প্রকাশক। ১৯৯৮ সাল থেকে তিনি সামাজিক সাংস্কৃতিক প্রত্নতাত্ত্বিক সংগঠন অগ্রসর বিক্রমপুর ফাউন্ডেশনের প্রতিষ্ঠাতা সভাপতির দায়িত্ব পালন করছেন।",অনুচ্ছেদের আলোকে “তিনি বাংলাদেশ আওয়ামী লীগ কেন্দ্রীয়” বিষয়ে প্রাসঙ্গিক তথ্যটি কী?,তিনি বাংলাদেশ আওয়ামী লীগ এর কেন্দ্রীয় কমিটির সাবেক প্রেসিডিয়াম সদস্য এবং বাংলাদেশ আওয়ামী লীগ এর মুখপত্র মাসিক 'উত্তরণ' এর সম্পাদক ও প্রকাশক নয়।
test_1182,test,no_context,grammar,wrong,tawhid=correct/none; shejan=wrong/fabricated,no,,কোনটি মধ্যাবস্থিত পশ্চাৎ স্বরধ্বনি?,অ
test_1190,test,has_context,reading_comprehension,wrong,tawhid=correct/none; shejan=wrong/contradiction,no,মোহাম্মদ হামিদুর রহমানের জন্ম ১৯৫৩ সালের ২ ফেব্রুয়ারি তদানিন্তন যশোর জেলার (বর্তমানে ঝিনাইদহ জেলা) মহেশপুর উপজেলার খর্দ্দ খালিশপুর গ্রামে।[1][4][5] তাঁর পিতার নাম আক্কাস আলী মন্ডল এবং মায়ের নাম মোসাম্মাৎ কায়মুন্নেসা। শৈশবে তিনি খালিশপুর প্রাথমিক বিদ্যালয় এবং পরবর্তীকালে স্থানীয় নাইট স্কুলে সামান্য লেখাপড়া করেন।,পাঠ্যাংশ থেকে “তাঁর পিতার আক্কাস আলী মন্ডল” সম্পর্কিত সঠিক তথ্যটি লিখুন।,তাঁর পিতার নাম আক্কাস আলী মন্ডল এবং মায়ের নাম মোসাম্মাৎ কায়মুন্নেসা নয়।
test_1212,test,has_context,others,correct,tawhid=wrong/entity; shejan=correct/none,no,অ্যালুমিনিয়াম ফেরোম্যাগনেটিক নয় এবং সাধারণ ব্যবহারে অ-চৌম্বক পদার্থ হিসেবে শ্রেণিবদ্ধ। লোহা ফেরোম্যাগনেটিক।,লোহা কি চৌম্বক পদার্থ?,হ্যাঁ।
test_1213,test,has_context,reading_comprehension,correct,tawhid=wrong/entity; shejan=wrong/entity,yes,খাসকামরা' শব্দটিতে 'খাস' উপসর্গ ব্যবহৃত হয়েছে।,খাসকামরা' শব্দে ব্যবহৃত 'খাস' উপসর্গটি কোন শ্রেণির?,বিদেশি (আরবি)।
test_1218,test,has_context,history,correct,tawhid=wrong/entity; shejan=correct/none,no,"রংমহলের ৩১টি কক্ষের ২৩টিতে প্রদর্শনী উপস্থাপন করা হয়েছে। গ্যালারী ৬: আহসানুল্লাহ মেমোরিয়াল হাসপাতাল, গ্যালারী ৭: মুসলিম লীগ কক্ষ, গ্যালারী ৮: বিলিয়ার্ড কক্ষ, গ্যালারী ৯: সিন্দুক কক্ষ, গ্যালারী ২৩: বলরুম (নাচঘর)।",নিচের কোনটি আহসান মঞ্জিল জাদুঘরের প্রকৃত গ্যালারির নাম নয়? ক) মুসলিম লীগ কক্ষ খ) বিলিয়ার্ড কক্ষ গ) সিন্দুক কক্ষ ঘ) দরবার সংগ্রহশালা,ঘ) দরবার সংগ্রহশালা
test_1231,test,has_context,reading_comprehension,wrong,tawhid=correct/none; shejan=correct/none,yes,"করিনা বাথ (জন্ম ১৯৬৩) একজন জার্মান কম্পিউটার বিজ্ঞানী এবং বিশ্ববিদ্যালয়ের প্রভাষক। ২০১২ থেকে ২০২২ সাল পর্যন্ত লিঙ্গ, প্রযুক্তি এবং গতিশীলতা বিষয়ে মারিয়া গোয়েপার্ট-মেয়ার প্রফেসশিপ পদে থাকার পর, তিনি বর্তমানে ডুইসবার্গ-এসেন বিশ্ববিদ্যালয়ের উইমেন'স স্টাডিজ অ্যান্ড জেন্ডার স্টাডিজ নেটওয়ার্কের সমন্বয় ও গবেষণা কেন্দ্রের প্রধান হিসেবে কর্মরত আছেন।",করিনা বাথ কবে জন্মগ্রহণ করেন?,১৯৬৩
test_1239,test,has_context,reading_comprehension,wrong,tawhid=correct/none; shejan=wrong/contradiction,no,"গর্ভধারণের সময় ছাড়া মানুষের জরায়ু আকারে মাত্র কয়েক সেন্টিমিটার ব্যাস বিশিস্ট। জরায়ু একটি পেশিবহুল অঙ্গ। এর আকৃতি অনেকটা নাশপাতির মতো। জরায়ুকে চারটি পর্বে ভাগ করা যায়। যথা: ফান্ডাস (জরায়ু), কর্পাস, সারভিক্স, এবং অন্তঃস্থ অরফিস।",প্রদত্ত অনুচ্ছেদে “যথা ফান্ডাস জরায়ু কর্পাস সারভিক্স” সম্পর্কে মূল বক্তব্যটি কী?,"যথা: ফান্ডাস (জরায়ু), কর্পাস, সারভিক্স, এবং অন্তঃস্থ অরফিস নয়।"
test_1254,test,has_context,others,wrong,tawhid=correct/none; shejan=wrong/entity,no,কোরআনের প্রথম দিকের অনুবাদ ফারসি ভাষায় হয় বলে সাধারণ জ্ঞানসূত্রে উল্লেখ করা হয়। বাংলা ভাষায় পূর্ণাঙ্গ কোরআন অনুবাদের কৃতিত্ব গিরিশচন্দ্র সেনের।,প্রথম কোন ভাষায় কুরআনের অনুবাদ হয় ?,বাংলা ভাষায়।
test_1263,test,has_context,law,correct,tawhid=wrong/numeric; shejan=unsure/none,no,"ব্রাহ্ম সভা হিন্দুধর্ম সংস্কারক রাজা রামমোহন রায় (১৭৭২-১৮৩৩) কর্তৃক ১৮২৮ সালের আগস্ট মাসে প্রতিষ্ঠিত হয়, যা পরবর্তীতে ব্রাহ্ম সমাজ নামে পরিচিত হয়।",কেশবচন্দ্র সেন 'নববিধান' ঘোষণা করেন কবে?,১৮৮০ সালের জানুয়ারিতে
test_1271,test,no_context,science,correct,tawhid=wrong/fabricated; shejan=wrong/fabricated,yes,,বাইনারি লজিকের ধারণা কোন সালে তৈরি হয়েছিল?,১৭০২ সালে
test_1272,test,has_context,others,wrong,tawhid=correct/none; shejan=wrong/contradiction,no,"ভালো-মন্দ, ন্যায়-অন্যায় ও উচিত-অনুচিতের বিচার নৈতিক মূল্যবোধের অন্তর্ভুক্ত। অর্থনৈতিক মূল্যবোধ লাভ-ক্ষতি বা সম্পদ ব্যবহারের সঙ্গে সম্পর্কিত।",ভালো-মন্দ কোন ধরনের মূল্যবোধ?,অর্থনৈতিক মূল্যবোধ।
test_1274,test,has_context,law,correct,tawhid=wrong/entity; shejan=unsure/none,no,ভারতীয় উপমহাদেশে সাংবিধানিক ধারার বিকাশ ঘটে ১৭৭৩ সালের রেগুলেটিং অ্যাক্ট পাসের মধ্য দিয়ে এবং ক্রমান্বয়ে তা পরিবর্তিত হতে থাকে ১৯৩৫ সালের ভারত শাসন আইন পর্যন্ত।,১৮৮৫ সালে ভারতীয় জাতীয় কংগ্রেস প্রতিষ্ঠিত হয় কোন লক্ষ্যে?,স্বায়ত্তশাসনের প্রতিবাদ ও দাবি জানানোর লক্ষ্যে
test_1281,test,no_context,mathematics,correct,tawhid=wrong/fabricated; shejan=wrong/fabricated,yes,,"$\triangle ABC-\backsim AB=13, AC=14, BC=15, I$ অন্তকেন্দ্র $I, BI=\sqrt{a} , a=$ ?",146
test_1295,test,has_context,grammar,correct,tawhid=wrong/relational; shejan=correct/none,no,'নর' ও 'ইন্দ্র' শব্দ দুটির সন্ধিতে নতুন শব্দ গঠিত হয় (স্বরসন্ধি)।,'নর' ও 'ইন্দ্র' শব্দ দুটির সন্ধিতে কোন শব্দ গঠিত হয়?,নরেন্দ্র
test_1304,test,has_context,reading_comprehension,correct,tawhid=wrong/entity; shejan=correct/none,no,"মন্দোদরী ছিলেন অসুররাজ ময়াসুর ও অপ্সরা হেমার কন্যা। মন্দোদরীর তিন পুত্র ছিল: মেঘনাদ (ইন্দ্রজিৎ), অতিকায় ও অক্ষয়কুমার। রামায়ণের কোনো কোনো সংস্করণ অনুযায়ী, মন্দোদরী রামের পত্নী সীতারও গর্ভধারিণী মা। উল্লেখ্য, সীতাকেই তাঁর স্বামী রাবণ অন্যায়ভাবে চুরি করে এনেছিলেন। স্বামীর দোষ সত্ত্বেও মন্দোদরী তাঁকে ভালবাসতেন এবং তাঁকে সত্যপথে চলার উপদেশ দিতেন। মন্দোদরী বারবার সীতাকে রামের কাছে ফিরিয়ে দেওয়ার জন্য রাবণকে পরামর্শ দিয়েছিলেন। কিন্তু রাবণ তাঁর কথায় কর্ণপাত করেননি। রামায়ণে রাবণের প্রতি মন্দোদরীর ভালবাসা ও আনুগত্যের প্রশংসা করা হয়েছে।",রামায়ণ অনুসারে মন্দোদরীর মায়ের নাম কী ?,অপ্সরা হেমা।
test_1307,test,has_context,reading_comprehension,wrong,tawhid=correct/none; shejan=wrong/contradiction,no,হরপ্রসাদ শাস্ত্রী ব্রিটিশ বাংলা প্রদেশের খুলনা জেলার কুমিরা গ্রামে জন্মগ্রহণ করেন। তবে তাঁদের আদি নিবাস ছিল উত্তর চব্বিশ পরগনা জেলার নৈহাটিতে। তাঁর পারিবারিক পদবী ছিল ভট্টাচার্য। গ্রামের স্কুলে প্রাথমিক শিক্ষা অর্জনের পর হরপ্রসাদ কলকাতার সংস্কৃত কলেজিয়েট স্কুল ও প্রেসিডেন্সি কলেজে পড়াশোনা করেন। কলকাতায় তিনি তাঁর বড়দা নন্দকুমার ন্যায়চঞ্চুর বন্ধু তথা বিশিষ্ট সমাজ সংস্কারক ও পণ্ডিত ঈশ্বরচন্দ্র বিদ্যাসাগরের সঙ্গে থাকতেন।[1][2] ১৮৭১ সালে হরপ্রসাদ প্রবেশিকা পরীক্ষায় উত্তীর্ণ হন। ১৮৭৩ সালে পাস করেন ফার্স্ট আর্টস পরীক্ষা। ১৮৭৬ সালে বি.এ. ডিগ্রি অর্জন করেন। ১৮৭৭ সালে সংস্কৃতে সাম্মানিক হন। পরে এম.এ. পরীক্ষায় পাস করে তিনি 'শাস্ত্রী' উপাধি লাভ করেন। উক্ত পরীক্ষায় হরপ্রসাদই ছিলেন প্রথম শ্রেণীতে উত্তীর্ণ একমাত্র ছাত্র।,অনুচ্ছেদে “হরপ্রসাদ শাস্ত্রী ব্রিটিশ বাংলা প্রদেশের” প্রসঙ্গে কোন তথ্য উল্লেখ আছে?,হরপ্রসাদ শাস্ত্রী ব্রিটিশ বাংলা প্রদেশের খুলনা জেলার কুমিরা গ্রামে জন্মগ্রহণ করেননি।
test_1311,test,has_context,history,correct,tawhid=wrong/entity; shejan=wrong/entity,yes,প্রথম গ্যালারিতে প্রাগৈতিহাসিক কাল থেকে ১৯৭০ সাল পর্যন্ত কালপর্বে এই জনপদের প্রতিনিধিত্বমূলক প্রত্ননিদর্শন রয়েছে। দ্বিতীয় গ্যালারিতে ১৯৭১ সালে বঙ্গবন্ধুর ঐতিহাসিক ৭ মার্চের ভাষণের ঘটনা থেকে ১৭ এপ্রিল মেহেরপুরের বৈদ্যনাথতলায় প্রবাসী সরকার গঠন পর্ব পর্যন্ত রয়েছে।,মুক্তিযুদ্ধ জাদুঘরের দ্বিতীয় গ্যালারিতে কোন বিশেষ প্রদর্শনী আছে?,শব্দ ও আলোর প্রক্ষেপণের বিশেষ প্রদর্শনী
test_1334,test,has_context,reading_comprehension,wrong,tawhid=correct/none; shejan=correct/none,yes,ভীষ্মদেব চক্রবর্তী (জন্ম: ২ জুন ১৯৬৭) হাইকোর্ট বিভাগের একজন বাংলাদেশী বিচারক। ২০১৫ সালে তাকে নিয়োগ দেওয়া হয়েছিল।,ভীষ্মদেব চক্রবর্তী কবে জন্মগ্রহণ করেন?,২ জুন ১৯৬৭
test_1347,test,no_context,mathematics,correct,tawhid=wrong/fabricated; shejan=wrong/fabricated,yes,,জোশের ১৫০ টি পেন্সিল ছিল। তিনি ডোনাকে ৩০ টি পেন্সিল দিয়েছিলেন। জোশের এখন কয়টি পেন্সিল রয়ে গেছে?,180
test_1350,test,has_context,reading_comprehension,wrong,tawhid=correct/none; shejan=correct/none,yes,"নিকোলাস আন্দ্রেস বুরদিসো (জন্ম ১২ এপ্রিল ১৯৮১) হলেন একজন আর্জেন্টিনীয় ফুটবল ম্যানেজার এবং প্রাক্তন পেশাদার খেলোয়াড় যিনি সেন্টার ব্যাক হিসেবে খেলতেন। বুরদিসো বোকা জুনিয়র্সের সাথে তার কর্মজীবন শুরু করেন। এখানে তিনি আর্জেন্টিনীয় চ্যাম্পিয়নশিপ, তিনটি কোপা লিবার্তাদোরেস এবং দুটি আন্তঃমহাদেশীয় কাপ জিতেছেন। ২০০৪ সালে ইতালীয় ক্লাব ইন্টার মিলানের সাথে চারটি সেরিয়ে আ শিরোপা জিতেছিলেন, একটি কোপা ইতালিয়া এবং সুপারকোপা ইতালিয়ানা জিতেছিলেন। ২০০৯ সালে তিনি রোমা এবং পরে জেনোয়া এবং তোরিনোতে চলে যান। একজন প্রাক্তন আর্জেন্টিনা আন্তর্জাতিক খেলোয়াড় হিসেবে ২০০৩ সালে অভিষেকের পর থেকে তিনি ৪৯টি ম্যাচ খে",নিকোলাস বুরদিসো কবে জন্মগ্রহণ করেন?,১২ এপ্রিল ১৯৮১
test_1355,test,has_context,reading_comprehension,wrong,tawhid=correct/none; shejan=wrong/contradiction,no,"পিটক শব্দটি পালি এর অর্থ - ঝুড়ি, পাত্র, বাক্স ইত্যাদি, অর্থ যেখানে কোনো কিছু সংরক্ষন করা হয়।[1] এটি থেরবাদী বৌদ্ধদের মূল ধর্মীয় গ্রন্থ। খ্রীষ্ট পূর্ব ৩য় শতকে সম্রাট অশোকের রাজত্বকালে ত্রিপিটক পূর্ণাঙ্গ গ্রন্থ হিসাবে স্বিকৃত হয়। এই গ্রন্থের গ্রন্থনের কাজ শুরু হয়েছিল গৌতম বুদ্ধ এর পরিনির্বানের তিন মাস পর অর্থাৎ খ্রিষ্ট পূর্ব ৫৪৩ অব্ধে এবং সমাপ্তি ঘটে খ্রিষ্ট পূর্ব প্রায় ২৩৬ অব্ধে। প্রায় তিনশ বছরে তিনটি সঙ্ঘায়নের মধ্যে এর গ্রন্থায়নের কাজ শেষ হয়।[2]",পাঠ্যাংশ থেকে “পিটক শব্দটি পালি অর্থ ঝুড়ি” সম্পর্কিত সঠিক তথ্যটি লিখুন।,"পিটক শব্দটি পালি এর অর্থ - ঝুড়ি, পাত্র, বাক্স ইত্যাদি, অর্থ যেখানে কোনো কিছু সংরক্ষন করা হয় না।"
train_0004,train,has_context,history,correct,annotator=wrong/numeric,yes,"ওডিআইতে সাকিব ৬,০০০-এর বেশি রান এবং ২৭০-এর বেশি উইকেট নিয়েছেন। ২০১২ এশিয়া কাপে সাকিব ২৩৭ রান এবং ছয় উইকেট নিয়ে টুর্নামেন্টের সেরা খেলোয়াড় নির্বাচিত হন। ২০১৯ আইসিসি ক্রিকেট বিশ্বকাপে তিনি ৬০৬ রান করে টুর্নামেন্টের গ্রুপ পর্বে সর্বোচ্চ রানের রেকর্ড গড়েন, যা পূর্বে শচীন তেন্ডুলকরের দখলে ছিল।",সাকিব ইতিহাসে দ্রুততম খেলোয়াড় হিসেবে ওডিআইতে কোন যুগল রেকর্ড অর্জন করেন?,"৫,০০০ রান ও ২৫০ উইকেটের ডাবল"
train_0047,train,no_context,law,wrong,annotator=correct/none,yes,,স্বাধীনতার পর বাংলাদেশের প্রথম প্রধানমন্ত্রী কে ছিলেন?,তাজউদ্দিন আহমদ
train_0094,train,no_context,science,correct,annotator=wrong/overclaim,yes,,ল্যাপটপ সিপিইউ সাধারণত কত ওয়াট শক্তি খরচ করে?,৫৬ ওয়াট
train_0119,train,has_context,reading_comprehension,wrong,annotator=correct/none,yes,"মিরিয়াম জেন অ্যালিস ডেভিস (জন্ম ২ জুন ১৯৭৫), মিমস ডেভিস নামে পরিচিত, একজন ব্রিটিশ কনজারভেটিভ পার্টির রাজনীতিবিদ যিনি ২০১৯ সাল থেকে মিড সাসেক্সের সংসদ সদস্য (এমপি) হিসাবে দায়িত্ব পালন করছেন। তিনি ডিসেম্বর ২০২৩ সাল থেকে প্রতিবন্ধী ব্যক্তি, স্বাস্থ্য ও কর্ম প্রতিমন্ত্রী হিসাবে দায়িত্ব পালন করেছেন। তিনি এর আগে অক্টোবর ২০২২ থেকে ডিসেম্বর ২০২৩ পর্যন্ত সামাজিক গতিশীলতা, যুব ও অগ্রগতির জন্য সংসদীয় আন্ডার সেক্রেটারি এবং সেপ্টেম্বর থেকে সেফগার্ডিং-এর জন্য সংসদীয় আন্ডার-সেক্রেটারি অফ স্টেট হিসেবে দায়িত্ব পালন করেন। অক্টোবর ২০২২। ডেভিস প্রথম মে ২০১৫ সালে ইস্টলেগের সংসদ সদস্য (এমপি) হিসাবে নির্বাচি",মিমস ডেভিস কবে জন্মগ্রহণ করেন?,২ জুন ১৯৭৫
train_0132,train,no_context,science,correct,annotator=wrong/fabricated,yes,,নেটবুকের প্রদর্শনী সাধারণত কত ইঞ্চির কম?,৯ ইঞ্চির কম
train_0192,train,has_context,reading_comprehension,wrong,annotator=correct/none,yes,আবু বকর ৫৭৩ সালের দিকে মক্কার কুরাইশ বংশের বনু তাইম গোত্রে জন্মগ্রহণ করেছেন।[6] তার বাবার নাম আবু কুহাফা ও মায়ের নাম সালমা বিনতে সাখার।,ইসলামের প্রথম খলিফা আবু বকর কবে জন্মগ্রহণ করেন ?,৫৭৩ সালে
train_0275,train,has_context,reading_comprehension,correct,annotator=wrong/numeric,yes,"ভাওয়াল এস্টেটের সর্বশেষ ক্ষমতাবান জমিদার ছিলেন রাজা রাজেন্দ্রনারায়ণ রায়চৌধুরী। কালীপ্রসন্ন ঘোষ ছিলেন তাঁর দীউয়ান। উল্লেখ্য যে, কালীপ্রসন্ন ঘোষ ঊনবিংশ শতাব্দীর একজন খ্যাতিমান লেখক ছিলেন। রাজেন্দ্রনারায়ণ রায়চৌধুরীর ছিল তিন পুত্রসন্তান। তাঁরা হলেন রণেন্দ্রনারায়ণ রায়চৌধুরী, রমেন্দ্রনারায়ণ রায়চৌধুরী এবং রবীন্দ্রনারায়ণ রায়চৌধুরী। ১৯০১ সালে রাজেন্দ্রনারায়ণের মৃত্যু হয়। এই সময় তাঁর তিনপুত্র সন্তানই ছিলেন নাবালক। সে কারণে জমিদারিটি একবার ১৯০১ সালে এবং আর একবার ১৯০৪ সালে কোর্ট অব ওয়ার্ডসের অধীনে চলে যায়। রাজেন্দ্রনারায়ণের তিন পুত্র সন্তানকেই একজন ইউরোপীয় গৃহ-শিক্ষক লেখাপড়া শেখাতেন। তাঁর বক্তব্য অনুযায়ী, তিন পুত্রই ছিলেন অজ্ঞ ও ইন্দ্রিয়পরায়ণ, লেখাপড়া ও নৈতিক শিক্ষার প্রতি অত্যন্ত অমনোযোগী। একবার দ্বিতীয় পুত্র রমেন্দ্রনারায়ণ চিকিৎসার জন্য দার্জিলিং গমন করেন। সেখানে তাঁকে মৃত বলে ঘোষণা করা হয় এবং যথারীতি দাহ করা হয় বলেও দাবী করা হয়। অপর দুই পুত্রও খুব অল্প সময়ের মধ্যেই মৃত্যুবরণ করেন এবং পরিবারটি পুত্র সন্তানবিহীন অবস্থায় নিঃশেষ হয়ে যাওয়ার উপক্রম হয়। কিন্তু প্রকৃতপক্ষে দ্বিতীয় পুত্র সন্তানটি নিখোঁজ হয়ে গিয়েছিলেন এবং তিনি বহুদিন যাবৎ সন্ন্যাসী হিসেবে জীবন যাপন করেন। পরিশেষে ১৯২০ সালের শেষের দিকে তিনি নাটকীয়ভাবে দারুণ সাড়া জাগিয়ে প্রায় ১২ বছর পর ঢাকায় এসে উপস্থিত হন এবং তার জমিদারি দাবি করেন। এভাবেই ১৯৩৫ সালে শুরু হয় বিখ্যাত ভাওয়াল সন্ন্যাসী মামলা, যা সমগ্র বাংলায়, এমনকি বাংলার বাইরেও প্রায় এক যুগ ধরে খবরের কাগজে সংবাদ এবং নানা ধরনের গল্প গুজবের প্রধান উপাদান হয়ে থাকে। এমনকি ঘটনাটি সারা ভারতবর্ষে বিভিন্ন ভাষায় সাহিত্য, নাটক এবং সিনেমারও বিষয়বস্তু হয়। ভাওয়াল সন্ন্যাসী মামলার পরে জমিদারির উত্তরাধিকারের বিষয়টি শেষ পর্যন্ত জটিল হয়ে পড়ে এবং ফলে এর ব্যবস্থাপনা ১৯৫১ সালে জমিদারি প্রথা বাতিল না হওয়া পর্যন্ত কোর্ট অব ওয়ার্ডসের অধীনেই থেকে যায়। যেহেতু উত্তরাধিকারী নিয়ে বহু জটিলতা ছিল এবং জমিদারি সংক্রান্ত বহু মামলাও অমীমাংসিত ছিল, সে কারণে জমিদারি প্রথা বিলুপ্ত ঘোষণার পরেও এর বিষয়-সম্পত্তি বা দায়-দায়িত্ব যথাযথভাবে বণ্টন করা সম্ভব হয় নি। ফলে পাকিস্তান আমলেও জমিদারিটি কোর্ট অব ওয়ার্ডসের অধীনেই থাকে। বর্তমানে ভাওয়াল এস্টেটের কর্মক",ভাওয়াল সন্ন্যাসী মামলা কবে শেষ হয় ?,১৯৫১ সালে
train_0277,train,has_context,law,correct,annotator=wrong/numeric,yes,ভারতীয় উপমহাদেশে সাংবিধানিক ধারার বিকাশ ঘটে ১৭৭৩ সালের রেগুলেটিং অ্যাক্ট পাসের মধ্য দিয়ে এবং ক্রমান্বয়ে তা পরিবর্তিত হতে থাকে ১৯৩৫ সালের ভারত শাসন আইন পর্যন্ত।,পাকিস্তানের ১৯৫৬ সালের সংবিধান কবে কার্যকর হয়?,১৯৫৬ সালের ২৩ মার্চ
train_0320,train,has_context,reading_comprehension,wrong,annotator=correct/none,yes,"একসময় ভারতে প্রচুর বিভিন্নরকম সাপের অর্চনার সমর্পণ বিদ্যমান ছিল। উত্তর ভারতে, সাপের এক নাগরাজ নামের এবং ""সাপদের রাজা"" নামে জ্ঞাত পুং রূপের উপাসনা হত। দক্ষিণ ভারতে ""সাপদের রাজার"" বদলে সত্যিকারের সাপের পূজা করা হত(, পৃ.১)। বাংলা, ভারতে মনসা- অর্চনা, অবশ্য, নরত্মারুপের সর্প দেবী, প্রতি উৎসর্গিত ছিল(, পৃ.১)।",ভারতের কোন জায়গায় সাপের উপাসনা করা হয় ?,দক্ষিণ ভারতে প্রধানত সাপের উপাসনা করা হয়।
train_0375,train,has_context,reading_comprehension,wrong,annotator=correct/none,yes,"সৈয়দ সাজিদ শাহ (জন্ম ১৯ অক্টোবর, ১৯৭৪) হচ্ছেন একজন পাকিস্তানি প্রথম-শ্রেণীর ক্রিকেটার। একজন ডানহাতি ফাস্ট-মিডিয়াম বোলার। ১৯৯৩/৯৪ সালে আত্মপ্রকাশ করেন এবং তারপর থেকে প্রথম-শ্রেণীর খেলায় ৫০০ টিরও বেশি উইকিকেট নিয়েছেন।২০০২ সালে একটি ঘরোয়া একদিনের ম্যাচে বল অবৈধ প্রভাব বিস্তার করা জন্য পিসিবি তাকে জরিমানা করে ছিল। তিনি পরে একজন অভিনেতা হয়ে ওঠেন এবং এখন হাইসাম হোসেনের ১৯৭১ ভিত্তিক নাটক জো বিছার গায়েতে কাজ করছেন।",সাজিদ শাহ কবে জন্মগ্রহণ করেন?,"১৯ অক্টোবর, ১৯৭৪"
train_0380,train,has_context,law,correct,annotator=wrong/contradiction,yes,ভারতীয় উপমহাদেশে সাংবিধানিক ধারার বিকাশ ঘটে ১৭৭৩ সালের রেগুলেটিং অ্যাক্ট পাসের মধ্য দিয়ে এবং ক্রমান্বয়ে তা পরিবর্তিত হতে থাকে ১৯৩৫ সালের ভারত শাসন আইন পর্যন্ত।,উনিশ শতকের সত্তর ও আশির দশকে ভারতীয়দের মধ্যে কী ধরনের চেতনার উন্মেষ ঘটে?,দ্রুত রাজনৈতিক সচেতনতা
train_0403,train,no_context,bcs,wrong,annotator=correct/none,yes,,'পরিবার থেকেই শিক্ষার শুরু'- এখানে 'থেকে' শব্দের সাথে যুক্ত 'ই'-এর ব্যাকরণিক পরিচয় কী?,বিভক্তি
train_0567,train,has_context,reading_comprehension,wrong,annotator=correct/none,yes,আরমান মিয়া (জন্ম: ১০ অক্টোবর ১৯৭৭) একজন অবসরপ্রাপ্ত বাংলাদেশী পেশাদার ফুটবলার যিনি আক্রমণাত্মক মিডফিল্ডার হিসেবে খেলেন। তিনি ১৯৯৩ থেকে ২০০৬ সাল পর্যন্ত বাংলাদেশ জাতীয় দলের হয়ে খেলেছেন,আরমান মিয়া কবে জন্মগ্রহণ করেন?,১০ অক্টোবর ১৯৭৭
train_0605,train,has_context,law,correct,annotator=wrong/contradiction,yes,ভারতীয় উপমহাদেশে সাংবিধানিক ধারার বিকাশ ঘটে ১৭৭৩ সালের রেগুলেটিং অ্যাক্ট পাসের মধ্য দিয়ে এবং ক্রমান্বয়ে তা পরিবর্তিত হতে থাকে ১৯৩৫ সালের ভারত শাসন আইন পর্যন্ত।,"ভারত শাসন আইন, ১৯১৯ অনুযায়ী প্রদেশে কোন ধরনের শাসনব্যবস্থা প্রবর্তিত হয়?",দ্বৈত শাসন (ডায়ার্কি)
train_0606,train,has_context,reading_comprehension,wrong,annotator=correct/none,yes,"ইউসুফ আলী চৌধুরী (মোহন মিয়া) (২৯ ডিসেম্বর ১৯০৫ - ২৬ নভেম্বর ১৯৭১) ভারতীয় উপমহাদেশের একজন প্রভাবশালী বাঙ্গালি রাজনীতিবিদ, যিনি ভারত-বিভাগ ও পাকিস্তান প্রতিষ্ঠায় এবং মুসলমান সমাজের উন্নয়নে গুরুত্বপূর্ণ ভূমিকা রেখেছেন। তাঁর পিতা চৌধুরী ময়েজউদ্দীন বিশ্বাস ছিলেন জমিদার। নিজে জমিদার পরিবারের সন্তান হয়েও তিনি ব্রিটিশ আমলে নির্যাতিত প্রজাদের জন্য আন্দোলন শুরু করেন। ব্রিটিশ শাসন বিরোধী আন্দোলনে তাঁর সক্রিয় ভূমিকা ছিল। তাঁর জন্ম: ১৯০৫ খ্রিস্টাব্দের ২৯শে ডিসেম্বর, মৃত্যু: ১৯৭১ খ্রিস্টাব্দের ২৬শে নভেম্বর। ১৯৫৪ খ্রিস্টাব্দের যুক্তফ্রন্ট নির্বাচনে অংশ নিয়ে তিনি পূর্ব পাকিস্তানের প্রাদেশিক পরিষদের সদ",ইউসুফ আলী চৌধুরী কবে জন্মগ্রহণ করেন?,২৯ ডিসেম্বর ১৯০৫
train_0615,train,has_context,history,correct,annotator=wrong/entity,yes,শায়েস্তা খান মুঘল আমলে বাংলার একজন সুবাদার তথা প্রাদেশিক শাসক ছিলেন। দু'দফায় সর্বমোট ২২ বছর তিনি বাংলা শাসন করেন। তিনি সম্রাট আওরঙ্গজেবের মামা ছিলেন। প্রথমে ১৬৬৪ সাল থেকে ১৬৭৮ সাল এবং দ্বিতীয়বার ১৬৮০ সাল থেকে ১৬৮৮ সাল পর্যন্ত। তার শাসনামলে টাকায় ৮ মন চাল পাওয়া যেতো। এর উল্লেখযোগ্য কীর্তিগুলির মধ্যে একটি ছিল মুঘলদের চট্টগ্রাম বিজয়।,শায়েস্তা খানের শাসনামলে বাংলার কোন শহরের ব্যাপক উন্নতি সাধিত হয়?,ঢাকার
train_0703,train,no_context,science,correct,annotator=wrong/fabricated,yes,,টেলেক্স এর মাধ্যমে কী প্রেরণ করা যায়?,শব্দ ও ছবি
train_0742,train,has_context,law,correct,annotator=wrong/numeric,yes,"ব্রাহ্ম সভা হিন্দুধর্ম সংস্কারক রাজা রামমোহন রায় (১৭৭২-১৮৩৩) কর্তৃক ১৮২৮ সালের আগস্ট মাসে প্রতিষ্ঠিত হয়, যা পরবর্তীতে ব্রাহ্ম সমাজ নামে পরিচিত হয়।","সিভিল ম্যারেজ অ্যাক্ট, ১৮৭২ অনুযায়ী বিবাহের জন্য ছেলে ও মেয়ের সর্বনিম্ন বয়স কত নির্ধারণ করা হয়েছিল?",ছেলে ১৮ ও মেয়ে ১৪ বছর
train_0744,train,no_context,law,correct,annotator=wrong/fabricated,yes,,স্বাধীনতার পর বাংলাদেশের প্রথম প্রধানমন্ত্রী কে ছিলেন?,শেখ মুজিবুর রহমান
train_0774,train,no_context,vocabulary,correct,annotator=wrong/fabricated,yes,,"""চিত্তশুদ্ধিবটিকা"" এর শাব্দিক অর্থ কী?",চিত্তশুদ্ধির বটিকা (মনের পবিত্রতার উদ্যান)
train_0794,train,has_context,reading_comprehension,correct,annotator=wrong/entity,yes,নরেন্দ মোদী ১৯৫০ খ্রিষ্টাব্দের ১৭ই সেপ্টেম্বর বম্বে প্রেসিডেন্সির (বর্তমান গুজরাট রাজ্যের) মহেসানা জেলার বড়নগর নামক স্থানে ঘাঞ্চী তেলী সম্প্রদায়ের এক নিম্নবর্গের পরিবারে জন্মগ্রহণ করেন।[17][18][19][20][21] তিনি তাঁর পিতামাতার চার সন্তানের মধ্যে তৃতীয় ছিলেন।[22] তাঁর পিতার নাম দামোদারদাস মূলচাঁদ মোদী ও মায়ের নাম হীরাবেন মোদী। বড়নগর রেলস্টেশনে তিনি তাঁর পিতাকে চা বিক্রি করতে সহায়তা করতেন এবং কৈশোরে বাস স্ট্যান্ডের কাছে ভাইয়ের সাথে চা বিক্রি করুতেন।[23][24] পুরো পরিবার একটি ছোট ৪০ ফুট X ১২ ফুট মাপের একতলা বাড়িতে বসবাস করতেন।[25] তিনি এই শহরেই একজন সাধারণ মানের ছাত্র হিসেবে তাঁর বিদ্যালয়ের পড়াশোনা শেষ করেন।[23][26],যশোদাবেন নরেন্দ্রভাই মোদীর পেশা কী ছিল ?,স্কুলশিক্ষিকা।
train_0795,train,has_context,history,correct,annotator=wrong/entity,yes,"১৪৯২ খ্রিষ্টাব্দের ২ জানুয়ারি কর্ডোবার নাসরি রাজ্যের পতনের মাধ্যমে ইবেরিয়ায় মুসলিম শাসনের সমাপ্তি হয়। গ্রানাডার শেষ মুসলিম শাসক দ্বাদশ মুহাম্মদ যিনি বোয়াবদিল নামে পরিচিত, আরাগনের রাজা দ্বিতীয় ফার্ডিনেন্ড ও কাস্টিলের রাণী প্রথম ইসাবেলার কাছে আত্মসমর্পণ করেন।",উমাইয়া রাজবংশের সর্বশেষ রাজা কে ?,দ্বিতীয় মারওয়ান
train_0846,train,no_context,synonym,correct,annotator=wrong/fabricated,yes,,“খবর” শব্দের সমার্থক শব্দ কোনটি?,বোল
train_0887,train,has_context,law,correct,annotator=wrong/numeric,yes,"ব্রাহ্ম সভা হিন্দুধর্ম সংস্কারক রাজা রামমোহন রায় (১৭৭২-১৮৩৩) কর্তৃক ১৮২৮ সালের আগস্ট মাসে প্রতিষ্ঠিত হয়, যা পরবর্তীতে ব্রাহ্ম সমাজ নামে পরিচিত হয়।",দেবেন্দ্রনাথ ঠাকুর কোন সালে তত্ত্ববোধিনী সভা প্রতিষ্ঠা করেন?,১৮৩৯ সালে
train_0901,train,has_context,history,correct,annotator=wrong/entity,yes,অভ্র কিবোর্ডে স্থির কিবোর্ড বিন্যাস এবং 'অভ্র ফোনেটিক' নামের ফোনেটিক বিন্যাস রয়েছে যা রোমানীকৃত প্রতিবর্ণকরণ ব্যবহারের মাধ্যমে বাংলা টাইপ করার সুবিধা প্রদান করে। উইন্ডোজের জন্য এই সফটওয়ারটির একটি স্ট্যান্ডার্ড ইনস্টলার সংস্করণ এবং বহনযোগ্য সংস্করণ রয়েছে।,অভ্র কিবোর্ডে ইউনিকোড থেকে আনসি রূপান্তরের প্রোগ্রামটির নাম কী?,Unicode to Bijoy Text Converter
train_0904,train,has_context,reading_comprehension,correct,annotator=wrong/numeric,yes,"বিষ্ণু সহস্রনামের ৫৭তম নামটি হল কৃষ্ণ, যার অর্থ, আদি শঙ্করের মতে আনন্দের অস্তিত্ব।[11] কৃষ্ণের একাধিক নাম ও অভিধা রয়েছে। কৃষ্ণের সর্বাধিক প্রচলিত নামদুটি হল গোবিন্দ (গো-অন্বেষক) ও গোপাল (গো-রক্ষাকারী)। এই নামদুটি ব্রজে কৃষ্ণের প্রথম জীবনের সঙ্গে সম্পর্কযুক্ত।[12][13] কোনো কোনো নামের আঞ্চলিক গুরুত্বও রয়েছে। যেমন, জগন্নাথ নামটি। ওড়িশায় এই নামে একটি বিশেষ মূর্তিতে পূজিত হন কৃষ্ণ।[14]",ভগবান শ্রী কৃষ্ণের মোট কয়টি নাম ছিল ?,সহস্র
train_0906,train,has_context,law,correct,annotator=wrong/numeric,yes,"১৯৭১ সালের ৭ মার্চ জাতির পিতা বঙ্গবন্ধু শেখ মুজিবুর রহমান ঢাকার রেসকোর্স ময়দানে (বর্তমান শহীদ সোহরাওয়ার্দী উদ্যান) ঐতিহাসিক ভাষণ দেন, যা বাঙালি জাতিকে স্বাধীনতা সংগ্রামের পথ দেখিয়েছিল।",স্বাধীনতার পর মাত্র কত বছরের মধ্যে বঙ্গবন্ধু যুদ্ধবিধ্বস্ত দেশটিকে একটি উন্নয়নশীল দেশে রূপান্তরিত করেছিলেন বলে বক্তব্যে উল্লেখ করা হয়?,সাড়ে তিন বছরের মধ্যে
train_0912,train,has_context,law,correct,annotator=wrong/entity,yes,"ব্রাহ্ম সভা হিন্দুধর্ম সংস্কারক রাজা রামমোহন রায় (১৭৭২-১৮৩৩) কর্তৃক ১৮২৮ সালের আগস্ট মাসে প্রতিষ্ঠিত হয়, যা পরবর্তীতে ব্রাহ্ম সমাজ নামে পরিচিত হয়।",দেবেন্দ্রনাথ ঠাকুর কার পুত্র ছিলেন?,দ্বারকানাথ ঠাকুরের
train_0959,train,has_context,reading_comprehension,wrong,annotator=correct/none,yes,দামোদর দেব (১৪৮৮-১৫৯৮) ষোড়শ শতকের এক শরণ নামধর্মের একজন বিখ্যাত ধর্ম প্রচারক। ১৪৮৮ খ্রীষ্টাব্দে নগাঁও জেলার নালচাতে তার জন্ম হয়েছিল। দামোদর দেব শ্রীমন্ত শংকরদেব-এর সামসাময়িক ছিলেন এবং ভট্টদেব-এর মত সাহিত্যিককে প্রেরণা যুগিয়েছিলেন।,দামোদর দেব কবে জন্মগ্রহণ করেন?,১৪৮৮
train_0962,train,no_context,mathematics,correct,annotator=wrong/fabricated,yes,,"$X = \{1, 2, 3, \ldots, 2015\}$ এই সেটের যেকোনো 200 উপাদান নিয়ে গঠিত সাবসেট $X_{200}$। তাহলে কতগুলো $X_{200}$ পাওয়া যাবে যার সবগুলো উপাদানের যোগফলকে 5 দিয়ে ভাগ করলে 1 অবশিষ্ট থাকবে?",14011750
train_0963,train,no_context,bcs,correct,annotator=wrong/fabricated,yes,,বাংলাদেশের দীর্ঘতম রেল সেতু-,হার্ডিঞ্জ সেতু
train_0973,train,no_context,science,correct,annotator=wrong/fabricated,yes,,পশ্চিমবঙ্গে প্রথম কম্পিউটার কত সালে আসে?,১৯৬৪ সালে
train_0974,train,has_context,reading_comprehension,wrong,annotator=correct/none,yes,জেসিকা ফিত্রিয়ানা মার্তাসারি আলফারিসি (জন্ম ৩১ মার্চ ১৯৯৫) হলেন একজন ইন্দোনেশীয় মডেল এবং বিউটি পেজেন্ট খেতাবধারী। তিনি পুত্যেরি ইন্দোনেশিয়া পারিওয়িসাতা ২০১৯ বা 'মিস সুপ্রান্যাশনাল ইন্দোনেশিয়া ২০১৯' খেতাব অর্জন করেন। তিনি মিস সুপ্রান্যাশনাল ২০১৯ প্রতিযোগিতায় ইন্দোনেশিয়ার প্রতিনিধিত্ব করেন এবং সেখানে দ্বিতীয় রানার-আপ হন। এটি মিস সুপ্রান্যাশনাল প্রতিযোগিতায় ইন্দোনেশিয়ার অর্জন করা সর্বোচ্চ স্থানগুলোর একটি। জেসিকা হলেন এই প্রতিযোগিতার ফাইনালে পৌঁছানো ষষ্ঠ ইন্দোনেশীয় এবং তার মাধ্যমে টানা পাঁচ বছর ইন্দোনেশিয়া এই প্রতিযোগিতায় স্থান ধরে রাখে। জেসিকা ইন্দোনেশিয়ার পর্যটন মন্ত্রণালয়ের ব্র্য,জেসিকা ফিত্রিয়ানা কবে জন্মগ্রহণ করেন?,৩১ মার্চ ১৯৯৫
train_0978,train,no_context,literature,correct,annotator=wrong/fabricated,yes,,বাংলা ভাষার প্রথম সার্থক সামাজিক উপন্যাস কোনটি?,আলালের ঘরের দুলাল
train_1036,train,has_context,reading_comprehension,wrong,annotator=correct/none,yes,"শচীন রমেশ টেন্ডুলকর (বিকল্প প্রতিবর্ণীকরণ: শচীন টেন্ডুলকার, শচিন টেন্ডুলকার) (/səˈtʃɪn tɛnˈduːlkər/(listen)) (Marathi: सचिन तेंडुलकर; জন্ম এপ্রিল ২৪, ১৯৭৩) একজন প্রাক্তন ভারতীয় ক্রিকেটার, ক্রিকেট ইতিহাসের সর্বোচ্চমানের ব্যাটসম্যান হিসেবে বিশ্বব্যাপী স্বীকৃত।[1][2] শচীনের মাত্র ষোলো বছর বয়সে পাকিস্তানের বিরুদ্ধে টেস্ট ক্রিকেটে অভিষেক হয় এবং এরপর থেকে প্রায় চব্বিশ বছর তিনি আন্তর্জাতিক স্তরে ভারতের হয়ে ক্রিকেট খেলেন। তিনি টেস্ট ক্রিকেট ও একদিনের আন্তর্জাতিক ক্রিকেট খেলায় সর্বোচ্চসংখ্যক শতকের অধিকারীসহ বেশ কিছু বিশ্বরেকর্ড ধারণ করে আছেন। তিনি প্রথম ক্রিকেটার হিসেবে একদিনের আন্তর্জাতিক ক্রিকেট খেলা ও টেস্ট ক্রিকেট ম্যাচ মিলিয়ে শততম শতক করেন। বাংলাদেশের বিপক্ষে ২০১২ সালের এশিয়া কাপ চারদেশীয় ক্রিকেট ম্যাচে তিনি এই রেকর্ড করেন।[3] একদিনের আন্তর্জাতিক ক্রিকেট খেলার ইতিহাসে প্রথম দ্বি-শতরানের মালিক তিনি।[4][5][6][7] ২০১৩ খ্রিষ্টাব্দের ৫ই অক্টোবর, তিনি সমস্ত ধরণের স্বীকৃত ক্রিকেট খেলায় প্রথম ভারতীয় হিসেবে মোট ৫০,০০০ রানের মালিক হন।[8][9][10]",শচীন তেন্ডুলকর কবে জন্মগ্রহণ করেন ?,"এপ্রিল ২৪, ১৯৭৩"
train_1051,train,has_context,reading_comprehension,correct,annotator=wrong/entity,yes,মিশরের প্রথম রাজবংশের ফারাওদের অধীনেই মিশর প্রথম একটি ঐক্যবদ্ধ রাজ্য হিসেবে আত্মপ্রকাশ করে। শুরুর দিকে এর প্রশাসনিক কেন্দ্র ছিল থিনিস।[1] দ্বিতীয় রাজবংশের সাথে একত্রে প্রথম রাজবংশের শাসনকালকে মিশরের আদি রাজত্ব হিসেবে সাধারণভাবে গণ্য করা হয়ে থাকে।,মিশরের প্রথম রাজবংশের নাম কী ?,ফারাও
train_1094,train,no_context,vocabulary,correct,annotator=wrong/fabricated,yes,,"""তুলকালাম কাণ্ড"" এর শাব্দিক অর্থ কী?",তুলকালামের ঘটনা বা বিপর্যয়কর ঘটনা (তুলকালাম: ইসলামী ঐতিহ্যে নূহের জলপ্রলয়ের মতো মহাপ্লাবন)
train_1189,train,has_context,history,wrong,annotator=correct/none,yes,প্রথম শহীদ স্মৃতিস্তম্ভ রাজশাহী নামে খ্যাত স্তম্ভটি ১৯৫২ সালের ২১ ফেব্রুয়ারি সন্ধ্যায় রাজশাহী কলেজ মুসলিম হোস্টেলের এফ ব্লকের সামনে ইট-কাদা দিয়ে নির্মাণ করা হয়। এই স্মৃতিস্তম্ভটি ২২ ফেব্রুয়ারি পুলিশ প্রশাসন দ্বারা ভেঙে ফেলা হয়।,প্রথম শহীদ স্মৃতিস্তম্ভ কোথায় নির্মিত হয়?,রাজশাহী কলেজ মুসলিম হোস্টেলে
train_1207,train,no_context,idiom_meaning,correct,annotator=wrong/fabricated,yes,,"""চাল বাড়ানো"" এর ভাবার্থ কী?",জীবনযাত্রার ব্যয় বাড়ানো
train_1237,train,has_context,history,correct,annotator=wrong/entity,yes,"জগদীশচন্দ্রের প্রাথমিক শিক্ষার সূত্রপাত হয় ফরিদপুর জেলার একটি গ্রাম্য বিদ্যালয়ে। তাঁর এগার বৎসর বয়সে বসু পরিবার কলকাতায় চলে যায়। সেখানে তিনি প্রথমে হেয়ার স্কুলে, পরে সেন্ট জেভিয়ার্স স্কুলে অধ্যয়ন করেন। সেন্ট জেভিয়ার্স স্কুল থেকে ১৮৭৫ সালে এন্ট্রান্স পরীক্ষা পাস করেন। ১৮৭৯ সালে সেন্ট জেভিয়ার্স কলেজ থেকে বিজ্ঞান বিভাগে স্নাতক পরীক্ষায় উত্তীর্ণ হন। রেভারেন্ড ফাদার লাফোন্ট-এর উৎসাহে তিনি পদার্থ বিজ্ঞানের প্রতি আগ্রহী হয়ে উঠেন।",জগদীশচন্দ্র বসুর প্রাথমিক জীবনে কোন সাহিত্যের প্রতি আগ্রহ জন্মে?,"বাংলার লোক অভিনয়, যাত্রা-পালাগান, রামায়ণ ও মহাভারত"
